PassengerId,Survived,Pclass,Name,Sex,Age,SibSp,Parch,Ticket,Fare,Cabin,Embarked
1,0,2,"Hall, Mr. William",male,34.3,2,0,PC 84134,14.55,,S
2,0,3,"Taylor, Master. George",male,,0,0,W./C. 45587,13.92,,S
3,1,3,"Green, Mrs. Helen",female,23.8,0,0,A/5 41673,11.75,,C
4,1,3,"Wright, Mrs. Anna",female,41.8,0,0,PC 33256,12.71,,S
5,1,1,"Smith, Dr. Helen",female,,0,0,SOTON/OQ 51054,95.89,,S
6,1,1,"Walker, Miss. Helen",female,27.9,0,1,C.A. 35402,92.41,E79,C
7,1,1,"Clark, Mrs. Emma",female,22.1,0,0,W./C. 41509,91.52,,S
8,1,3,"Hall, Miss. Clara",female,,1,0,PC 41231,14.29,,C
9,0,3,"Taylor, Dr. George",male,,0,0,A/5 27088,6.93,,S
10,0,3,"King, Mr. Thomas",male,,2,0,SC/PARIS 78095,10.33,,S
11,0,1,"Johnson, Dr. Henry",male,43.3,0,0,W./C. 66398,50.86,,S
12,1,3,"Scott, Mrs. Helen",female,17.0,0,0,A/5 7430,3.7,,S
13,1,3,"King, Miss. Helen",female,31.8,0,0,SOTON/OQ 9190,8.09,,C
14,0,1,"Johnson, Mr. George",male,25.5,1,0,W./C. 97539,96.33,B42,S
15,1,1,"Walker, Mrs. Emma",female,69.8,1,0,SC/PARIS 18889,118.89,,S
16,1,1,"Baker, Miss. Clara",female,,1,2,W./C. 41611,84.1,G67,S
17,0,2,"King, Master. Henry",male,,0,0,STON/O 28770,21.71,,S
18,1,3,"Brown, Dr. George",male,25.9,0,0,SOTON/OQ 31721,3.0,,C
19,1,2,"Walker, Dr. Elizabeth",female,25.3,1,0,PC 52580,24.12,,S
20,0,2,"Hall, Rev. Edward",male,33.4,0,0,W./C. 29357,46.56,,S
21,1,3,"Young, Mrs. Helen",female,30.4,1,1,SC/PARIS 29695,12.16,,Q
22,0,1,"Johnson, Master. John",male,,0,0,SC/PARIS 41844,40.22,,S
23,1,2,"Brown, Miss. Clara",female,,2,0,PC 15471,24.54,,Q
24,1,2,"Adams, Mrs. Alice",female,44.2,0,0,C.A. 6284,19.58,,S
25,0,2,"Hall, Mrs. Florence",female,35.4,0,0,PC 83875,33.6,,S
26,0,3,"Green, Dr. George",male,19.4,1,1,SOTON/OQ 84513,7.6,,S
27,0,1,"Walker, Miss. Clara",female,44.1,0,0,PC 19108,146.51,,C
28,1,3,"Johnson, Mrs. Florence",female,34.2,0,0,SC/PARIS 8174,13.87,,Q
29,0,3,"Clark, Master. William",male,,0,0,SC/PARIS 29527,13.34,,S
30,1,1,"Brown, Dr. Clara",female,61.2,8,2,C.A. 13804,88.72,,S
31,0,3,"Smith, Dr. Edward",male,30.3,1,0,W./C. 49330,15.93,,S
32,1,1,"Young, Dr. William",male,51.4,2,1,A/5 66127,99.94,,S
33,0,1,"Clark, Rev. Charles",male,38.2,0,2,C.A. 84786,97.18,A171,S
34,0,3,"Taylor, Master. Charles",male,23.1,0,0,SC/PARIS 32223,3.0,,Q
35,1,3,"Anderson, Master. Charles",male,29.9,8,1,STON/O 44788,18.52,,S
36,1,3,"Smith, Dr. Elizabeth",female,0.4,0,1,SOTON/OQ 24841,13.38,,S
37,1,2,"Smith, Rev. Henry",male,11.8,2,0,A/5 45208,26.52,,S
38,1,1,"Walker, Miss. Alice",female,38.6,1,1,A/5 4974,69.18,,S
39,0,3,"Brown, Mr. George",male,,0,1,W./C. 59603,6.98,,S
40,0,2,"Anderson, Mr. Edward",male,34.6,3,0,PC 46397,38.08,,S
41,0,1,"Hall, Master. Edward",male,67.3,0,0,SOTON/OQ 16190,123.99,,C
42,0,3,"Wright, Mrs. Clara",female,0.7,0,0,W./C. 42421,8.4,,S
43,1,1,"King, Rev. Charles",male,54.9,1,0,C.A. 73605,94.93,,S
44,0,3,"Taylor, Rev. Arthur",male,,0,0,PC 52506,8.6,,S
45,1,2,"Young, Mrs. Margaret",female,,2,0,A/5 8584,18.68,,C
46,0,3,"Walker, Master. Arthur",male,,0,0,A/5 99549,11.17,,C
47,1,2,"Walker, Mr. William",male,16.4,5,0,A/5 48491,26.7,,S
48,0,3,"Walker, Mr. Henry",male,19.7,0,0,STON/O 84216,3.0,,S
49,1,3,"Anderson, Mrs. Florence",female,22.5,0,0,W./C. 84514,12.04,,S
50,1,1,"Adams, Master. Edward",male,35.7,2,0,SC/PARIS 1846,55.58,,S
51,0,3,"Taylor, Mrs. Margaret",female,,0,0,W./C. 80472,5.03,,S
52,0,3,"Green, Dr. Thomas",male,31.1,3,1,C.A. 62414,20.56,,S
53,0,3,"Johnson, Dr. Florence",female,8.9,1,1,W./C. 87624,5.44,,S
54,0,3,"Scott, Mrs. Mary",female,33.2,0,0,W./C. 98567,12.35,F33,Q
55,0,3,"Wright, Mrs. Mary",female,6.1,2,1,PC 11818,9.4,,C
56,0,3,"Green, Master. Edward",male,32.6,2,0,PC 51947,18.7,,S
57,1,1,"Walker, Miss. Emma",female,,0,0,SC/PARIS 77752,104.58,A74,S
58,1,1,"Johnson, Mr. Edward",male,,2,0,W./C. 30879,82.87,,S
59,0,1,"Walker, Mr. John",male,35.5,1,0,PC 31294,75.89,,S
60,0,2,"Adams, Rev. Thomas",male,33.8,0,0,PC 53424,45.43,,S
61,1,2,"Clark, Mrs. Clara",female,,1,2,C.A. 32575,21.8,,S
62,1,2,"Hall, Miss. Anna",female,43.3,0,0,SC/PARIS 95578,16.21,,S
63,1,3,"Adams, Miss. Emma",female,40.7,0,0,PC 12048,9.31,,C
64,1,2,"Johnson, Master. Charles",male,8.1,1,1,SOTON/OQ 51308,34.51,,S
65,1,2,"Young, Mr. Arthur",male,40.7,0,0,A/5 93355,29.15,,S
66,1,3,"Clark, Dr. Florence",female,0.4,0,0,A/5 89772,14.65,,C
67,1,1,"Clark, Mr. Arthur",male,35.8,0,3,A/5 77520,130.4,,S
68,1,3,"Scott, Master. William",male,0.7,0,0,A/5 13293,18.62,,S
69,0,1,"Brown, Mr. George",male,,0,0,C.A. 89111,41.13,,S
70,1,3,"Hall, Dr. Arthur",male,23.2,0,0,PC 89832,11.77,,S
71,0,3,"Hall, Master. Henry",male,40.4,0,0,C.A. 72043,15.8,,C
72,1,1,"Baker, Dr. James",male,37.2,0,0,STON/O 98357,64.31,,S
73,0,1,"Baker, Mr. William",male,,2,0,SOTON/OQ 9788,13.97,,S
74,0,3,"Wright, Mr. William",male,47.9,2,1,SOTON/OQ 74429,18.88,,C
75,1,3,"King, Mrs. Emma",female,50.6,0,0,A/5 50923,6.66,,C
76,0,3,"Allen, Dr. George",male,29.9,0,0,PC 47295,5.64,,C
77,1,3,"Smith, Dr. Edward",male,37.6,0,0,W./C. 67674,5.61,,S
78,1,1,"Taylor, Miss. Helen",female,36.9,2,2,PC 50054,124.68,C40,S
79,1,2,"Anderson, Mr. William",male,6.1,0,0,STON/O 55736,20.69,,Q
80,1,1,"Wright, Dr. Emma",female,45.5,1,0,W./C. 18605,65.52,,C
81,0,3,"Hall, Dr. Margaret",female,33.8,1,1,SOTON/OQ 4618,17.77,,S
82,1,3,"Johnson, Dr. Edward",male,23.7,0,0,A/5 94060,10.94,,S
83,1,2,"Johnson, Dr. Thomas",male,38.3,0,0,A/5 97122,26.84,,S
84,1,1,"Hall, Mrs. Alice",female,0.4,1,0,PC 40644,104.93,,C
85,1,2,"Green, Dr. Florence",female,30.0,0,2,SOTON/OQ 87934,24.78,,S
86,0,2,"Brown, Mr. John",male,,0,2,W./C. 7144,13.95,,S
87,1,3,"King, Mr. James",male,,1,1,SOTON/OQ 45833,15.06,,S
88,0,3,"Green, Master. Arthur",male,46.7,1,0,PC 53609,12.9,,S
89,0,3,"King, Miss. Anna",female,20.2,0,0,SC/PARIS 33327,113.74,,C
90,0,3,"Wright, Dr. John",male,11.4,0,0,W./C. 96096,11.92,,S
91,1,1,"Taylor, Dr. Margaret",female,9.5,1,0,STON/O 54665,128.03,,C
92,0,3,"Anderson, Miss. Helen",female,18.2,2,0,PC 40879,10.95,,Q
93,0,3,"Green, Master. James",male,32.1,1,1,A/5 91353,19.79,,S
94,1,3,"Green, Dr. James",male,23.8,1,1,SC/PARIS 24217,10.51,,S
95,0,3,"Clark, Dr. George",male,,0,0,SC/PARIS 14694,7.63,,S
96,0,3,"Johnson, Rev. William",male,26.9,1,0,SC/PARIS 30212,9.97,,C
97,0,3,"Wright, Master. Edward",male,43.2,1,3,SC/PARIS 68929,19.08,,S
98,1,2,"Allen, Dr. Edward",male,11.0,0,0,SC/PARIS 57415,21.73,D114,S
99,0,1,"Wright, Mrs. Margaret",female,44.9,0,0,C.A. 34877,61.1,,C
100,1,1,"Hall, Mr. Charles",male,27.5,1,0,STON/O 54339,81.3,F135,S
101,0,1,"Young, Rev. Arthur",male,,1,0,A/5 70216,104.02,,Q
102,0,3,"Hall, Mrs. Emma",female,35.8,2,3,A/5 25939,9.19,,S
103,1,2,"Green, Dr. Mary",female,64.4,0,0,STON/O 73737,6.87,,S
104,1,3,"Taylor, Miss. Alice",female,28.1,0,0,C.A. 22015,48.27,,S
105,1,3,"Johnson, Miss. Margaret",female,24.0,0,2,W./C. 3671,19.18,,C
106,1,2,"Wright, Mr. Thomas",male,23.2,0,1,STON/O 22194,19.21,,S
107,0,2,"Young, Mr. Thomas",male,27.4,0,0,SOTON/OQ 11237,3.82,,C
108,0,3,"Taylor, Dr. Alice",female,13.4,0,2,W./C. 82160,7.34,,C
109,1,1,"Allen, Dr. Emma",female,41.2,0,0,W./C. 58162,105.37,,S
110,1,1,"Allen, Rev. Henry",male,41.0,3,0,SOTON/OQ 35691,35.67,,Q
111,1,2,"Scott, Miss. Margaret",female,29.5,0,0,W./C. 53091,31.18,,S
112,0,1,"Scott, Dr. James",male,48.3,3,0,SOTON/OQ 82851,106.99,,S
113,1,3,"Allen, Dr. John",male,0.4,0,0,PC 3626,10.57,,S
114,0,3,"Baker, Dr. Thomas",male,20.5,0,3,C.A. 58380,8.34,,C
115,0,3,"Adams, Master. Edward",male,36.6,4,0,SC/PARIS 38071,15.75,,S
116,0,3,"Allen, Mr. James",male,33.9,0,0,SOTON/OQ 79259,6.66,G56,S
117,0,3,"Walker, Mr. Henry",male,30.1,0,0,W./C. 42074,14.33,,S
118,1,1,"Wright, Mrs. Emma",female,78.0,0,0,PC 97466,101.69,,S
119,0,3,"Walker, Mr. John",male,24.5,3,1,C.A. 87251,14.82,,S
120,0,3,"Green, Rev. William",male,38.8,0,0,W./C. 57176,16.75,,C
121,1,3,"Scott, Dr. Margaret",female,31.7,0,1,C.A. 76657,14.23,,C
122,1,3,"Anderson, Mrs. Clara",female,1.5,0,0,W./C. 48810,6.7,,S
123,0,2,"Green, Mrs. Anna",female,,0,2,PC 15691,35.91,,Q
124,0,1,"Baker, Dr. Elizabeth",female,49.1,0,1,A/5 20317,164.05,,S
125,1,1,"Baker, Mrs. Margaret",female,40.4,0,0,PC 44345,135.79,,Q
126,1,2,"Baker, Dr. Edward",male,26.2,0,0,SOTON/OQ 51746,22.48,,S
127,0,3,"Baker, Rev. Arthur",male,6.5,1,0,PC 48316,9.36,,S
128,0,3,"Hall, Rev. Edward",male,20.5,1,1,SC/PARIS 70784,12.39,,S
129,1,1,"Adams, Dr. George",male,40.6,0,0,W./C. 37719,22.65,,C
130,0,3,"Baker, Dr. George",male,55.3,0,0,A/5 83787,11.16,,S
131,0,2,"Hall, Mrs. Emma",female,34.6,0,0,STON/O 18342,14.68,,S
132,1,1,"Anderson, Mr. Henry",male,23.5,0,0,PC 18293,97.63,,S
133,0,1,"Wright, Master. Thomas",male,47.7,0,0,A/5 62736,92.11,,S
134,1,2,"Baker, Dr. Thomas",male,,0,0,C.A. 76582,5.1,,S
135,0,3,"Green, Mrs. Anna",female,12.6,2,4,C.A. 55663,19.97,,S
136,1,2,"Adams, Rev. John",male,5.1,0,0,A/5 1311,16.62,,C
137,1,3,"Green, Miss. Emma",female,,2,0,SOTON/OQ 56604,5.63,,S
138,0,3,"Adams, Master. Arthur",male,26.4,1,0,PC 27194,8.23,,C
139,0,2,"Smith, Rev. Thomas",male,37.7,0,1,C.A. 21591,31.74,,S
140,1,3,"Clark, Rev. Henry",male,15.8,0,0,SC/PARIS 41990,6.09,,C
141,1,3,"Smith, Mrs. Florence",female,45.0,1,2,C.A. 47354,12.48,,C
142,1,2,"Green, Mr. John",male,70.8,0,0,PC 61808,24.65,,S
143,0,3,"Johnson, Mrs. Florence",female,31.3,0,0,STON/O 85247,10.14,,S
144,0,2,"Wright, Dr. Thomas",male,27.1,1,1,C.A. 51008,31.89,,S
145,0,2,"Scott, Dr. Henry",male,22.9,1,0,STON/O 58681,12.15,,S
146,0,1,"Brown, Miss. Clara",female,24.6,0,4,C.A. 60463,63.69,,C
147,1,3,"Johnson, Dr. Anna",female,32.3,0,0,STON/O 38895,8.12,,S
148,0,3,"Brown, Dr. Margaret",female,17.0,2,0,SC/PARIS 52952,9.57,,S
149,1,1,"Walker, Mrs. Anna",female,22.5,1,0,PC 86793,26.58,,S
150,0,2,"Anderson, Dr. Anna",female,,1,0,PC 27047,19.81,,C
151,0,3,"Taylor, Miss. Elizabeth",female,18.6,0,0,SOTON/OQ 97261,18.82,,S
152,1,1,"Hall, Miss. Margaret",female,41.0,2,0,SC/PARIS 7754,1477.4414984634157,,S
153,0,1,"Taylor, Mrs. Alice",female,34.6,2,0,SC/PARIS 17801,110.76,,S
154,0,3,"Taylor, Miss. Elizabeth",female,16.8,0,0,SOTON/OQ 69200,4.64,,C
155,0,3,"Scott, Dr. John",male,11.2,0,0,C.A. 46921,22.53,,S
156,0,2,"Walker, Mrs. Margaret",female,53.9,2,0,A/5 55033,16.41,,S
157,1,3,"Johnson, Mr. Charles",male,,3,0,STON/O 43762,12.78,,S
158,1,3,"King, Miss. Helen",female,21.4,3,0,A/5 16150,12.29,,S
159,1,1,"Young, Dr. Helen",female,40.6,8,0,A/5 23837,108.67,,S
160,0,3,"Taylor, Rev. Thomas",male,22.3,3,0,C.A. 45447,20.8,,C
161,1,2,"Baker, Dr. Alice",female,30.8,0,0,W./C. 98518,25.45,,S
162,1,3,"Clark, Rev. James",male,38.3,0,0,W./C. 26269,7.92,,S
163,0,3,"Adams, Dr. Arthur",male,32.7,0,1,C.A. 65930,16.13,,S
164,1,3,"Hall, Dr. Clara",female,28.2,2,0,STON/O 96007,7.26,,C
165,0,1,"Hall, Mr. George",male,65.3,0,0,C.A. 95360,136.06,,S
166,0,3,"Scott, Dr. Florence",female,,0,0,STON/O 77887,7.8,,Q
167,1,2,"Young, Miss. Anna",female,22.2,2,0,PC 20423,14.87,,S
168,0,1,"King, Master. Edward",male,47.7,0,0,SC/PARIS 90683,63.77,,S
169,1,1,"Hall, Dr. Charles",male,55.8,0,3,SOTON/OQ 59718,52.67,,S
170,1,3,"Wright, Mr. Charles",male,48.5,2,0,A/5 94313,8.15,,S
171,0,3,"Adams, Rev. George",male,,0,0,SOTON/OQ 32431,3.0,,S
172,1,1,"Adams, Dr. Margaret",female,36.0,2,0,W./C. 84429,79.32,F38,S
173,0,3,"Smith, Rev. Edward",male,22.7,0,0,A/5 34244,5.09,,S
174,1,1,"Scott, Master. Charles",male,,0,0,W./C. 46197,93.32,,C
175,0,3,"King, Dr. George",male,,0,1,C.A. 96023,20.23,,S
176,0,1,"Green, Dr. Arthur",male,,0,1,W./C. 72872,109.08,,C
177,1,3,"Baker, Miss. Alice",female,16.8,3,0,STON/O 13760,8.96,,S
178,1,2,"Walker, Dr. Charles",male,23.3,0,0,A/5 28668,25.82,,S
179,1,3,"Taylor, Miss. Margaret",female,38.9,1,0,W./C. 43490,14.32,,S
180,1,1,"Wright, Master. James",male,56.2,1,0,W./C. 68826,106.08,,S
181,1,2,"Allen, Dr. Emma",female,35.3,0,0,A/5 76185,27.89,,S
182,0,1,"Walker, Dr. George",male,,0,0,STON/O 24784,9.83,,S
183,0,3,"Smith, Dr. James",male,36.9,0,0,W./C. 13061,13.51,,S
184,0,3,"Hall, Mrs. Helen",female,14.7,5,1,A/5 76919,17.66,,S
185,0,2,"Anderson, Dr. John",male,18.8,0,0,W./C. 19325,25.93,,S
186,1,3,"Smith, Mrs. Florence",female,33.8,0,0,SOTON/OQ 27763,20.32,,Q
187,1,3,"Adams, Miss. Emma",female,58.7,3,1,C.A. 32336,22.72,,C
188,0,3,"Johnson, Master. Henry",male,,0,0,STON/O 27081,11.19,,C
189,1,3,"Brown, Mr. Edward",male,29.1,0,0,C.A. 26461,8.66,,C
190,0,2,"Johnson, Mrs. Florence",female,69.4,3,0,PC 48754,18.64,,S
191,1,1,"Brown, Dr. James",male,0.4,0,0,PC 65718,20.83,,S
192,0,3,"Walker, Rev. Arthur",male,36.2,0,0,SC/PARIS 37465,9.14,,C
193,0,3,"Baker, Rev. Arthur",male,,0,3,C.A. 99046,14.15,,S
194,0,3,"Allen, Rev. Charles",male,50.9,0,1,SOTON/OQ 70132,3.44,,S
195,1,2,"Wright, Mr. John",male,0.4,0,1,W./C. 56062,31.78,,S
196,1,2,"Brown, Miss. Margaret",female,29.5,0,0,PC 69716,17.19,,S
197,0,3,"Brown, Mrs. Margaret",female,25.2,3,1,PC 4912,20.31,,S
198,1,3,"Baker, Miss. Anna",female,33.7,0,0,W./C. 82626,13.5,,C
199,1,3,"Johnson, Miss. Florence",female,10.7,0,0,PC 50132,17.2,,S
200,0,3,"Baker, Dr. Charles",male,41.5,0,0,A/5 70051,14.78,,S
201,1,3,"Wright, Miss. Margaret",female,,2,1,C.A. 7844,3.46,,Q
202,1,1,"Anderson, Master. William",male,33.1,0,4,STON/O 12104,99.85,,S
203,0,1,"Johnson, Mr. James",male,45.7,0,0,PC 66855,130.48,,S
204,1,3,"Baker, Dr. Charles",male,,2,0,A/5 27684,15.9,,S
205,0,3,"Scott, Dr. Edward",male,46.7,0,0,STON/O 5443,10.36,,C
206,1,1,"Adams, Dr. Helen",female,48.7,2,1,C.A. 54400,17.27,,Q
207,1,1,"Johnson, Dr. Mary",female,46.7,0,0,C.A. 68507,72.36,,S
208,0,3,"Smith, Dr. Henry",male,21.0,0,0,A/5 47367,7.8,,C
209,1,1,"Hall, Mr. George",male,17.5,0,1,SOTON/OQ 32923,17.33,,S
210,1,1,"Baker, Miss. Elizabeth",female,31.0,1,0,STON/O 5858,97.45,,Q
211,0,3,"Brown, Rev. Thomas",male,13.4,0,1,C.A. 87424,8.71,,C
212,0,3,"Young, Rev. Henry",male,22.1,0,0,STON/O 94525,8.78,,C
213,0,3,"Young, Master. William",male,27.4,1,0,C.A. 11469,12.26,,S
214,0,1,"Scott, Miss. Florence",female,26.4,1,0,SC/PARIS 84666,73.29,,Q
215,1,3,"Baker, Mrs. Helen",female,,0,0,A/5 6279,4.32,,C
216,0,1,"Young, Dr. Henry",male,29.2,0,0,A/5 94789,87.07,G149,S
217,1,2,"Baker, Mr. Thomas",male,33.0,0,2,C.A. 51463,228.14,,C
218,1,3,"King, Mrs. Anna",female,26.0,0,0,SOTON/OQ 33251,18.51,,S
219,0,3,"Baker, Dr. Florence",female,29.5,0,0,SC/PARIS 29236,11.5,E65,C
220,1,3,"Anderson, Dr. George",male,0.4,0,1,STON/O 92978,5.99,,S
221,0,3,"Adams, Dr. Florence",female,0.8,0,0,A/5 13106,8.04,,S
222,0,3,"Clark, Master. John",male,23.6,0,2,STON/O 83813,16.0,,S
223,1,1,"Green, Mr. Arthur",male,,0,0,A/5 67071,102.13,,S
224,1,2,"Baker, Mrs. Margaret",female,0.6,2,1,A/5 90160,30.99,,S
225,1,2,"Allen, Rev. James",male,4.7,0,0,SOTON/OQ 57549,25.18,,S
226,0,2,"Adams, Rev. Charles",male,49.2,1,1,C.A. 92316,33.4,,S
227,0,3,"Anderson, Rev. George",male,56.2,1,1,C.A. 80075,15.77,,S
228,0,2,"Brown, Master. George",male,,0,0,STON/O 30877,21.16,,S
229,1,3,"Hall, Miss. Clara",female,0.4,0,0,SC/PARIS 61813,8.1,,S
230,1,3,"Allen, Dr. John",male,23.8,0,0,SC/PARIS 24279,5.67,,S
231,1,3,"Baker, Mrs. Florence",female,80.0,0,1,SOTON/OQ 3152,9.46,,C
232,0,3,"Young, Dr. Edward",male,18.8,4,0,SOTON/OQ 47371,8.73,,S
233,0,3,"Young, Rev. Thomas",male,32.3,0,0,SC/PARIS 56091,10.44,,C
234,0,3,"Walker, Rev. George",male,46.1,0,0,SC/PARIS 30576,12.71,,C
235,0,1,"Young, Mrs. Clara",female,53.9,0,0,W./C. 11726,23.73,,S
236,0,3,"Scott, Rev. Edward",male,45.6,1,0,W./C. 8997,16.23,,S
237,1,2,"Johnson, Miss. Elizabeth",female,,5,0,PC 65947,24.36,,C
238,1,1,"Taylor, Dr. Arthur",male,42.3,0,0,SC/PARIS 65210,130.99,,S
239,0,3,"Baker, Mrs. Florence",female,51.8,1,4,A/5 75564,11.52,,S
240,0,1,"Anderson, Rev. James",male,28.1,0,0,A/5 77268,121.67,,S
241,0,3,"Young, Miss. Florence",female,0.7,0,0,SOTON/OQ 56308,12.2,,C
242,0,3,"Brown, Dr. Clara",female,18.5,0,1,SC/PARIS 76071,16.27,,S
243,1,3,"Scott, Dr. Alice",female,20.0,0,1,STON/O 68699,18.67,,S
244,1,2,"Johnson, Dr. Florence",female,31.3,0,0,SOTON/OQ 95766,37.05,,Q
245,1,1,"Allen, Mrs. Mary",female,47.8,0,0,PC 43735,76.41,F135,C
246,0,3,"Taylor, Rev. William",male,,0,0,SC/PARIS 20277,40.31,,S
247,0,2,"Clark, Rev. William",male,,0,2,W./C. 10262,30.42,,S
248,0,3,"Johnson, Mr. Charles",male,13.2,0,0,STON/O 48737,13.43,,C
249,0,3,"King, Miss. Anna",female,34.1,0,0,STON/O 38533,13.53,,S
250,0,3,"Walker, Master. Thomas",male,,8,0,SOTON/OQ 41764,18.88,,S
251,1,2,"Clark, Dr. Clara",female,12.4,0,1,PC 59225,5.96,D21,S
252,1,2,"Walker, Rev. William",male,22.5,0,0,C.A. 98674,31.08,,C
253,0,3,"Baker, Master. James",male,20.4,0,0,W./C. 12195,7.81,,S
254,0,2,"Hall, Rev. Charles",male,22.2,0,0,W./C. 26457,23.63,,C
255,1,1,"Allen, Miss. Anna",female,66.4,0,0,W./C. 96385,154.8,,C
256,0,3,"Baker, Mr. James",male,17.0,0,0,STON/O 75535,9.31,,S
257,0,3,"Hall, Rev. Charles",male,0.4,0,1,C.A. 10709,16.48,,S
258,1,3,"Scott, Master. Charles",male,48.4,1,2,SC/PARIS 12158,2423.354286626731,,S
259,0,3,"Walker, Mr. Edward",male,28.6,0,0,C.A. 57501,11.21,,S
260,0,1,"Allen, Dr. Henry",male,,1,0,A/5 18416,64.88,G83,S
261,0,3,"Smith, Dr. Thomas",male,58.2,0,0,SOTON/OQ 50929,9.2,,C
262,0,3,"Adams, Dr. Anna",female,,0,0,SC/PARIS 27719,20.36,,S
263,0,1,"King, Master. Charles",male,67.5,2,0,PC 25720,24.18,,C
264,0,3,"Anderson, Dr. George",male,,0,0,W./C. 66271,4.87,,S
265,0,3,"Allen, Mr. William",male,26.2,0,2,SC/PARIS 44460,15.62,,S
266,0,3,"King, Mr. Edward",male,24.7,1,0,W./C. 19482,8.46,,S
267,1,3,"Allen, Mr. James",male,38.4,0,0,STON/O 24165,7.76,,S
268,0,3,"Wright, Master. Thomas",male,42.5,2,0,PC 90208,17.82,,S
269,1,2,"Hall, Dr. Arthur",male,32.9,1,1,SC/PARIS 40192,28.42,,S
270,1,2,"Adams, Dr. James",male,22.7,0,3,SC/PARIS 19427,26.92,E9,S
271,0,3,"Baker, Mrs. Alice",female,10.1,1,0,A/5 19667,10.32,,S
272,1,3,"Scott, Dr. Margaret",female,27.8,0,0,SC/PARIS 51215,14.13,,S
273,0,3,"Brown, Miss. Helen",female,,1,0,SC/PARIS 31660,12.23,,S
274,1,3,"Hall, Mr. Thomas",male,35.4,0,0,SOTON/OQ 92350,16.17,,S
275,0,3,"King, Rev. William",male,80.0,0,0,W./C. 28777,18.28,,Q
276,0,3,"King, Rev. Charles",male,24.1,0,0,A/5 24925,7.34,,S
277,0,3,"Smith, Rev. George",male,30.8,2,0,SOTON/OQ 29201,15.48,,C
278,1,3,"Walker, Miss. Helen",female,38.1,0,0,W./C. 1440,7.38,,S
279,0,3,"Allen, Rev. William",male,21.0,0,0,W./C. 8852,8.67,,S
280,0,3,"Anderson, Mr. Thomas",male,20.1,0,0,A/5 11148,8.78,,S
281,0,3,"Adams, Dr. John",male,25.1,0,0,A/5 10328,16.24,,S
282,0,2,"Anderson, Mrs. Mary",female,6.7,0,2,C.A. 47656,24.79,,S
283,0,2,"Anderson, Rev. Henry",male,,0,0,C.A. 33349,13.92,,S
284,1,1,"Green, Rev. William",male,,2,0,STON/O 2234,127.75,A15,S
285,0,3,"Baker, Master. Henry",male,13.7,2,0,C.A. 25024,4.32,,S
286,1,1,"Taylor, Dr. George",male,28.5,1,0,W./C. 30657,71.04,,S
287,0,3,"Johnson, Dr. Arthur",male,36.8,0,0,C.A. 33587,14.21,,Q
288,0,3,"Taylor, Master. Charles",male,78.0,2,0,SC/PARIS 30414,17.31,,S
289,0,2,"Wright, Mr. Edward",male,37.2,0,0,W./C. 95471,19.64,,S
290,0,3,"Young, Mr. John",male,,2,0,PC 44588,14.96,,S
291,0,1,"Brown, Master. James",male,30.6,0,0,SC/PARIS 52818,19.93,,S
292,0,1,"Wright, Master. Arthur",male,35.1,2,1,SC/PARIS 23975,39.52,,S
293,0,3,"Anderson, Dr. George",male,37.6,0,3,SC/PARIS 87967,8.66,,S
294,1,2,"Anderson, Miss. Anna",female,17.0,0,1,PC 4678,25.78,,S
295,1,1,"Clark, Miss. Helen",female,31.5,1,2,A/5 69495,77.79,F70,S
296,0,3,"Smith, Master. John",male,19.0,0,0,STON/O 29531,5.81,,S
297,0,3,"Smith, Dr. George",male,,3,0,PC 20708,8.57,,S
298,1,1,"Anderson, Mr. Charles",male,46.9,0,0,W./C. 75222,8.49,,S
299,0,3,"Brown, Mr. Thomas",male,39.2,0,0,C.A. 61525,5.96,,S
300,1,1,"Taylor, Miss. Florence",female,51.1,4,2,C.A. 68455,96.94,,S
301,0,1,"Allen, Mr. George",male,40.7,0,0,C.A. 86954,74.56,,C
302,1,3,"Adams, Mrs. Anna",female,,0,0,SC/PARIS 17273,12.59,,S
303,0,3,"Taylor, Rev. Thomas",male,32.9,0,1,C.A. 4915,5.78,,S
304,0,3,"Brown, Mr. Edward",male,0.4,1,0,STON/O 80110,16.81,,S
305,0,3,"Anderson, Mrs. Elizabeth",female,29.7,0,0,STON/O 73114,11.16,,Q
306,1,3,"Young, Dr. Helen",female,,1,2,C.A. 74782,22.07,,S
307,1,3,"Baker, Miss. Helen",female,,0,5,SOTON/OQ 98688,17.66,,S
308,1,2,"Taylor, Mrs. Clara",female,,0,0,SC/PARIS 22784,13.28,,S
309,0,3,"Green, Master. Arthur",male,30.9,3,0,C.A. 77786,1445.6850562584787,,S
310,1,2,"Young, Miss. Margaret",female,20.9,3,0,SC/PARIS 88630,15.94,,S
311,1,2,"Green, Rev. Edward",male,,0,0,W./C. 81766,13.97,,S
312,1,1,"Green, Miss. Mary",female,46.9,0,0,STON/O 48218,99.05,,C
313,0,1,"Anderson, Dr. Charles",male,49.0,0,0,W./C. 89110,96.36,,S
314,0,3,"Brown, Mrs. Florence",female,44.9,0,0,SC/PARIS 76348,8.51,,S
315,0,3,"Green, Mr. William",male,46.4,0,0,A/5 10360,9.39,,Q
316,0,3,"Johnson, Mrs. Alice",female,27.9,0,0,SOTON/OQ 3452,8.47,,S
317,0,2,"Taylor, Dr. Arthur",male,29.1,1,1,C.A. 17388,30.61,,S
318,1,1,"Green, Dr. Alice",female,,1,3,SC/PARIS 64189,35.09,F119,S
319,1,1,"Allen, Dr. John",male,59.1,1,1,STON/O 58335,117.67,,S
320,1,2,"Anderson, Master. Arthur",male,30.2,0,0,W./C. 71984,8.65,,S
321,0,3,"Taylor, Master. Edward",male,33.4,5,0,STON/O 23029,18.68,,C
322,1,3,"Taylor, Dr. Arthur",male,19.7,1,1,SC/PARIS 34361,18.2,,S
323,1,3,"Walker, Dr. Emma",female,44.0,0,0,SC/PARIS 2327,9.35,,S
324,1,2,"Hall, Mr. Thomas",male,27.5,1,0,A/5 8597,117.16,D41,S
325,1,3,"Allen, Dr. Emma",female,32.4,1,2,STON/O 72272,13.59,,C
326,1,3,"Clark, Mr. Henry",male,15.7,2,1,SC/PARIS 43657,9.32,,Q
327,1,3,"Brown, Rev. James",male,15.4,0,0,PC 98580,15.06,,C
328,1,3,"Wright, Mrs. Anna",female,36.6,1,0,C.A. 4954,12.36,,S
329,1,2,"Young, Miss. Clara",female,38.3,0,0,PC 81193,31.51,,S
330,0,2,"Young, Dr. Henry",male,16.9,0,0,SC/PARIS 3793,28.42,F76,S
331,0,2,"Anderson, Mr. William",male,30.6,0,0,PC 99903,20.61,,S
332,1,3,"Brown, Dr. Anna",female,37.7,0,0,STON/O 4773,13.94,,S
333,0,1,"Adams, Rev. Edward",male,43.7,1,0,SOTON/OQ 40606,129.59,,S
334,1,1,"Wright, Miss. Clara",female,39.1,0,0,SC/PARIS 47978,115.32,E49,S
335,1,1,"Green, Miss. Mary",female,60.0,1,0,A/5 92370,76.46,,S
336,0,1,"Allen, Dr. Florence",female,38.7,0,0,A/5 27091,106.85,,S
337,0,3,"Smith, Mr. Thomas",male,20.3,3,2,PC 10021,9.63,,S
338,1,3,"Anderson, Mrs. Emma",female,33.9,1,0,SC/PARIS 63277,13.46,,S
339,1,3,"Young, Dr. Charles",male,45.7,0,0,A/5 95430,7.73,,S
340,1,1,"Green, Rev. John",male,7.2,0,0,PC 84178,38.67,B58,S
341,1,3,"King, Master. Thomas",male,3.3,0,0,A/5 57110,15.85,,C
342,1,3,"Green, Mr. Thomas",male,21.6,0,0,A/5 19229,5.15,,S
343,1,1,"Young, Mrs. Florence",female,20.1,0,0,SOTON/OQ 60577,112.68,,S
344,0,2,"Scott, Dr. Clara",female,50.7,0,0,W./C. 48522,31.34,,S
345,0,2,"Taylor, Miss. Clara",female,29.4,0,0,C.A. 18739,25.02,,Q
346,0,3,"Clark, Dr. John",male,44.8,3,0,SC/PARIS 55168,5.8,,S
347,0,3,"Brown, Dr. Edward",male,,2,0,C.A. 81608,16.34,,S
348,1,1,"Green, Master. William",male,28.7,0,0,SOTON/OQ 41252,127.77,,S
349,1,2,"Scott, Mrs. Helen",female,44.2,1,0,SC/PARIS 8251,35.26,,S
350,0,3,"Walker, Dr. Charles",male,32.6,0,2,STON/O 32156,19.82,,S
351,1,3,"Taylor, Mrs. Elizabeth",female,26.1,0,0,SOTON/OQ 32840,6.2,,S
352,1,3,"King, Master. Arthur",male,8.9,0,0,STON/O 15006,19.51,,Q
353,1,3,"Taylor, Master. James",male,25.6,1,1,PC 51521,13.37,,S
354,1,1,"Clark, Mrs. Emma",female,,0,0,SOTON/OQ 41658,72.47,B163,C
355,0,1,"Adams, Master. William",male,31.2,0,1,C.A. 41010,743.43,,C
356,0,3,"Young, Dr. Florence",female,0.4,1,0,SC/PARIS 96238,12.99,,S
357,1,1,"Baker, Mrs. Alice",female,16.0,1,0,A/5 99460,86.89,,C
358,0,3,"Allen, Rev. Edward",male,22.9,2,0,SC/PARIS 55682,18.47,,S
359,1,3,"King, Mr. Charles",male,33.8,0,0,SOTON/OQ 9508,14.68,,S
360,0,3,"Baker, Dr. William",male,12.0,0,0,C.A. 19366,9.85,,S
361,0,2,"King, Mrs. Anna",female,29.0,0,1,SC/PARIS 62982,20.95,,S
362,1,3,"Brown, Mr. Charles",male,0.4,1,0,SOTON/OQ 65874,16.57,,S
363,0,2,"Baker, Rev. Arthur",male,35.1,0,0,SOTON/OQ 44046,11.99,,S
364,0,3,"Baker, Mr. Arthur",male,24.7,1,1,SC/PARIS 29030,8.34,,S
365,1,3,"Adams, Miss. Margaret",female,15.0,0,0,SOTON/OQ 99744,11.57,,S
366,0,2,"Baker, Mr. James",male,41.5,0,0,A/5 22422,26.87,,S
367,1,3,"Brown, Dr. Alice",female,33.6,0,0,SOTON/OQ 3542,15.17,,S
368,1,3,"Walker, Mrs. Elizabeth",female,24.3,3,1,W./C. 52514,33.25,,S
369,1,1,"Clark, Rev. Edward",male,,1,1,STON/O 3680,122.93,,S
370,1,1,"Green, Rev. Charles",male,43.2,1,0,SC/PARIS 73061,57.46,,C
371,1,1,"Johnson, Dr. Alice",female,,0,2,SC/PARIS 52438,26.37,,S
372,0,1,"Young, Mr. Henry",male,55.7,0,0,A/5 54642,63.42,,C
373,0,1,"Hall, Miss. Clara",female,,0,2,W./C. 17397,118.07,,S
374,0,3,"Brown, Dr. James",male,19.5,1,0,SOTON/OQ 55158,10.86,,S
375,1,1,"Allen, Dr. James",male,,1,1,W./C. 44470,80.46,,S
376,1,2,"Brown, Mrs. Clara",female,59.3,1,0,STON/O 29479,212.65,,S
377,0,3,"Anderson, Dr. Thomas",male,,0,0,W./C. 80262,8.44,,S
378,1,1,"Green, Mr. Arthur",male,23.3,0,0,SOTON/OQ 83304,56.0,,C
379,0,3,"Allen, Dr. John",male,19.2,0,1,PC 46347,11.93,,S
380,1,2,"Adams, Dr. George",male,15.6,0,0,PC 36761,41.43,,C
381,1,1,"Anderson, Master. George",male,46.3,1,0,A/5 66193,34.01,,C
382,0,3,"Johnson, Mr. Charles",male,24.1,0,1,W./C. 99782,7.55,,C
383,1,3,"Anderson, Dr. Alice",female,48.4,0,0,SOTON/OQ 77383,61.53,,Q
384,0,3,"Clark, Master. Thomas",male,19.5,0,1,PC 62188,9.92,,S
385,0,3,"Baker, Dr. Elizabeth",female,36.4,1,0,A/5 4016,14.47,,S
386,1,3,"Walker, Dr. Thomas",male,,1,0,C.A. 56230,11.7,,S
387,1,2,"Baker, Dr. Emma",female,56.7,0,4,PC 13496,19.71,,S
388,1,1,"Allen, Master. Arthur",male,78.0,1,0,SC/PARIS 65086,61.12,,S
389,0,3,"King, Mrs. Florence",female,17.9,1,1,W./C. 82779,16.71,,S
390,0,3,"Allen, Rev. Edward",male,30.2,0,0,SC/PARIS 17112,11.79,,S
391,1,3,"Clark, Rev. Thomas",male,,1,1,SC/PARIS 14110,6.9,,S
392,1,2,"Hall, Master. George",male,16.4,1,2,A/5 97825,32.6,,S
393,1,2,"Taylor, Dr. Edward",male,20.2,0,0,W./C. 56097,30.44,,S
394,0,3,"Allen, Mr. Arthur",male,37.3,2,0,A/5 45212,13.86,,S
395,0,2,"Baker, Dr. James",male,32.6,0,0,SOTON/OQ 47902,157.05,,C
396,1,3,"Brown, Miss. Elizabeth",female,35.7,0,0,PC 79360,9.98,,S
397,0,3,"Smith, Dr. Edward",male,39.9,1,2,C.A. 87138,17.23,,S
398,0,2,"King, Rev. John",male,25.7,0,0,PC 70600,28.74,,S
399,0,3,"King, Mr. Thomas",male,,1,5,PC 8677,20.45,,S
400,1,3,"Taylor, Miss. Anna",female,19.3,0,0,SC/PARIS 98041,9.13,,S
401,0,1,"Anderson, Master. Henry",male,37.5,0,0,A/5 44991,76.09,,S
402,0,3,"Adams, Master. Edward",male,26.6,0,0,C.A. 35131,15.63,,S
403,1,3,"Smith, Mr. John",male,20.1,2,0,STON/O 35374,22.27,,S
404,1,3,"Green, Mrs. Margaret",female,51.8,0,0,A/5 13989,3.0,,S
405,1,2,"Allen, Mrs. Emma",female,,2,0,A/5 86395,39.94,,S
406,1,3,"Green, Master. John",male,15.3,1,0,W./C. 50871,9.07,,S
407,1,2,"Taylor, Mrs. Florence",female,21.3,0,0,SC/PARIS 40382,18.76,,S
408,1,1,"Smith, Dr. Florence",female,4.1,0,0,W./C. 96726,95.08,,S
409,0,3,"Allen, Master. George",male,17.3,0,0,C.A. 84421,10.0,,Q
410,1,1,"King, Dr. Anna",female,29.6,3,0,PC 36459,84.74,E128,S
411,1,2,"Brown, Master. Thomas",male,38.1,0,0,SOTON/OQ 5018,27.32,,S
412,0,3,"Smith, Mr. Henry",male,21.0,0,0,C.A. 68545,9.29,,S
413,0,3,"Scott, Mr. Edward",male,30.5,0,1,STON/O 13828,8.36,,S
414,0,3,"King, Mr. Charles",male,22.2,0,1,SC/PARIS 95006,13.12,,S
415,1,3,"Walker, Dr. William",male,,0,0,W./C. 32827,13.56,,S
416,1,2,"Young, Dr. Mary",female,52.5,0,1,PC 39362,8.01,,Q
417,0,2,"Young, Dr. John",male,26.7,0,0,SC/PARIS 89150,23.79,,S
418,0,2,"Adams, Rev. James",male,11.5,0,0,W./C. 18808,3.0,,S
419,0,3,"Brown, Master. James",male,37.8,0,0,W./C. 85077,9.71,,S
420,1,3,"Allen, Mrs. Florence",female,18.0,1,1,PC 22394,17.04,,S
421,0,3,"Johnson, Master. John",male,6.7,0,3,STON/O 66070,9.79,,S
422,0,3,"Adams, Rev. Charles",male,0.4,0,0,STON/O 69421,5.8,,S
423,0,1,"Allen, Master. John",male,18.5,0,0,STON/O 17713,117.46,,C
424,0,3,"Hall, Dr. John",male,22.7,0,1,A/5 32386,4.95,,S
425,1,1,"Scott, Miss. Alice",female,41.2,2,0,W./C. 32504,89.13,,S
426,1,3,"Clark, Miss. Clara",female,34.1,0,0,C.A. 69032,8.6,,C
427,0,2,"Hall, Dr. Edward",male,,0,0,SC/PARIS 65426,17.29,,S
428,1,3,"Green, Dr. Mary",female,,1,0,A/5 11899,14.01,,Q
429,0,2,"Allen, Master. Thomas",male,,0,2,STON/O 1738,25.13,,S
430,1,1,"Young, Mrs. Mary",female,21.6,0,1,W./C. 77367,97.23,,C
431,1,1,"Baker, Dr. Charles",male,30.6,0,0,SOTON/OQ 12908,52.2,F176,S
432,0,3,"Baker, Master. Thomas",male,,0,0,STON/O 62733,3.35,,C
433,0,3,"King, Mr. Edward",male,,0,0,SOTON/OQ 75142,6.89,,Q
434,1,1,"Johnson, Miss. Clara",female,,0,4,A/5 93797,78.82,,S
435,0,1,"Clark, Dr. Thomas",male,16.0,0,0,A/5 30160,98.66,,Q
436,1,3,"Johnson, Rev. James",male,16.5,0,1,PC 26705,6.76,,S
437,1,1,"King, Master. William",male,17.7,2,3,STON/O 55874,109.2,D42,S
438,1,3,"Anderson, Dr. Anna",female,18.9,0,0,W./C. 4948,3.57,,S
439,0,3,"King, Dr. Edward",male,,0,0,C.A. 8731,15.16,,S
440,1,1,"Anderson, Dr. Mary",female,40.1,1,1,SOTON/OQ 30874,13.85,,S
441,0,1,"Young, Miss. Alice",female,42.1,0,0,W./C. 25204,85.5,C121,S
442,0,3,"Smith, Mr. George",male,22.9,2,0,W./C. 11847,17.69,,S
443,1,2,"Scott, Miss. Elizabeth",female,,0,0,SOTON/OQ 34052,128.24,,C
444,0,2,"Baker, Dr. Charles",male,19.7,3,2,PC 7961,16.48,,C
445,1,3,"Adams, Dr. Emma",female,11.7,0,0,PC 2838,6.16,,S
446,0,3,"Brown, Master. William",male,22.7,0,0,C.A. 91627,9.66,,S
447,0,3,"Baker, Dr. Elizabeth",female,21.4,0,0,A/5 45022,10.63,,S
448,0,3,"King, Dr. Alice",female,18.4,0,0,W./C. 75420,8.94,,S
449,0,2,"Allen, Dr. Mary",female,,3,1,STON/O 92972,47.89,,S
450,1,1,"Walker, Miss. Elizabeth",female,46.9,5,0,A/5 50825,36.86,B109,S
451,0,3,"Adams, Master. James",male,57.2,1,0,A/5 8273,12.3,,S
452,0,3,"Baker, Dr. Henry",male,24.9,8,0,SC/PARIS 61721,26.42,,Q
453,1,2,"Brown, Mrs. Helen",female,,2,0,A/5 35288,33.47,,S
454,0,3,"Green, Rev. Thomas",male,12.9,0,1,SC/PARIS 33840,9.96,,S
455,1,1,"Anderson, Mr. Thomas",male,47.5,0,1,STON/O 69810,120.04,,S
456,1,3,"Baker, Miss. Mary",female,31.4,1,0,W./C. 29440,6.92,,S
457,1,1,"Anderson, Miss. Helen",female,44.7,2,2,SC/PARIS 82087,66.54,,S
458,1,3,"Clark, Dr. Helen",female,40.8,1,0,SC/PARIS 90325,16.09,,S
459,1,1,"Johnson, Rev. James",male,,0,0,SC/PARIS 78557,103.3,,S
460,1,1,"Allen, Mrs. Helen",female,55.5,0,0,PC 41752,22.88,,S
461,1,1,"King, Master. Henry",male,52.7,1,0,SOTON/OQ 17178,59.15,,Q
462,1,3,"Wright, Miss. Mary",female,46.5,0,2,W./C. 35986,11.16,,C
463,0,3,"Anderson, Dr. Arthur",male,27.9,1,0,W./C. 38276,13.38,,S
464,0,3,"Brown, Dr. Emma",female,0.4,1,0,SOTON/OQ 81374,14.13,,S
465,0,3,"Anderson, Dr. Elizabeth",female,,1,0,PC 30187,7.68,,S
466,0,2,"Smith, Mr. Henry",male,32.8,0,0,A/5 6464,13.4,,S
467,0,2,"Hall, Dr. Anna",female,43.9,0,0,W./C. 82151,6.58,,S
468,1,3,"Smith, Rev. George",male,21.5,0,0,C.A. 15174,18.33,,S
469,1,1,"Allen, Miss. Helen",female,41.1,1,1,C.A. 45985,139.46,,S
470,0,3,"Baker, Miss. Clara",female,47.4,4,0,A/5 45694,16.05,,S
471,1,1,"Baker, Master. John",male,46.1,3,1,C.A. 67677,24.16,,S
472,0,3,"Wright, Miss. Florence",female,42.2,0,3,STON/O 6396,21.79,,Q
473,1,1,"Young, Miss. Elizabeth",female,53.4,0,0,W./C. 97185,43.68,,C
474,1,3,"Anderson, Rev. Henry",male,40.1,0,0,SC/PARIS 57300,5.46,,C
475,0,3,"Young, Mr. Henry",male,25.9,0,0,PC 88043,3.8,,S
476,1,3,"Hall, Mrs. Florence",female,,3,0,C.A. 28376,21.65,,C
477,1,1,"Johnson, Mrs. Elizabeth",female,38.0,0,0,STON/O 53729,137.45,D99,S
478,1,3,"Clark, Mrs. Clara",female,,1,0,SC/PARIS 15886,10.79,,C
479,1,3,"Young, Dr. Alice",female,,0,0,PC 44604,7.9,,S
480,0,3,"Baker, Rev. James",male,36.1,0,0,C.A. 18938,10.07,,C
481,0,3,"Smith, Miss. Emma",female,31.6,1,0,A/5 56707,9.47,,S
482,1,3,"Walker, Rev. Thomas",male,12.2,0,2,PC 29811,6.41,,C
483,0,2,"Johnson, Mr. Henry",male,38.5,2,0,STON/O 53307,15.71,,Q
484,1,3,"Allen, Rev. Edward",male,34.4,1,0,SOTON/OQ 83369,13.72,,S
485,1,3,"Green, Mr. John",male,,0,0,PC 2503,17.72,,S
486,0,3,"Scott, Dr. Charles",male,33.1,0,1,STON/O 62396,10.52,,Q
487,0,1,"Johnson, Rev. John",male,33.4,0,0,SOTON/OQ 61992,103.37,,S
488,1,2,"Allen, Miss. Margaret",female,16.1,1,0,A/5 7787,28.35,,C
489,1,3,"Hall, Rev. Thomas",male,49.7,1,2,SC/PARIS 36841,13.07,,S
490,0,3,"Taylor, Master. William",male,16.4,3,0,C.A. 68325,20.64,,S
491,0,2,"King, Dr. Henry",male,6.4,0,2,SC/PARIS 83453,35.56,,S
492,0,3,"Scott, Master. James",male,0.4,0,0,SOTON/OQ 74880,3.0,,S
493,0,2,"Johnson, Mr. John",male,,1,1,PC 34544,12.28,,C
494,0,1,"Baker, Rev. Henry",male,40.1,2,0,PC 61932,79.71,,S
495,1,3,"Young, Master. Arthur",male,18.2,1,0,SOTON/OQ 51366,4.12,,S
496,0,2,"Scott, Mrs. Alice",female,56.5,1,1,SOTON/OQ 73116,38.21,,S
497,0,3,"Adams, Dr. Charles",male,,0,0,W./C. 25568,3.0,,S
498,1,1,"Smith, Rev. Charles",male,26.1,0,0,STON/O 68366,92.2,,C
499,0,3,"Green, Mr. Henry",male,25.9,1,0,SOTON/OQ 99490,11.49,,Q
500,1,3,"Smith, Dr. Emma",female,18.4,1,0,SOTON/OQ 47810,8.79,,S
501,1,3,"Walker, Dr. Edward",male,,1,0,W./C. 16341,13.01,E35,C
502,0,3,"Scott, Master. Edward",male,,3,0,PC 26796,3.01,,C
503,0,2,"Taylor, Mr. George",male,21.7,0,0,PC 58428,39.81,,S
504,0,3,"Green, Dr. Edward",male,61.5,0,0,PC 53771,8.02,F42,Q
505,0,3,"Adams, Rev. George",male,,0,1,SC/PARIS 85554,7.82,,S
506,1,1,"Wright, Master. John",male,42.9,0,0,SOTON/OQ 31633,37.04,,S
507,1,3,"Young, Rev. Edward",male,11.8,1,0,PC 27154,8.96,,C
508,0,3,"King, Dr. Edward",male,20.6,0,0,W./C. 14602,14.17,,S
509,0,3,"Wright, Rev. Charles",male,28.8,0,5,PC 29360,2309.4252446561377,,C
510,0,3,"Allen, Dr. Emma",female,32.7,0,0,PC 64967,10.69,,C
511,1,3,"Wright, Miss. Emma",female,22.2,0,0,W./C. 11714,15.86,,S
512,0,2,"Adams, Miss. Florence",female,,1,1,STON/O 72117,45.64,,C
513,1,3,"Taylor, Miss. Emma",female,,4,2,SOTON/OQ 72919,22.03,,S
514,0,3,"Scott, Rev. Arthur",male,37.6,0,0,SC/PARIS 12562,10.3,,S
515,0,1,"Allen, Master. Henry",male,40.7,8,0,A/5 71932,89.56,C78,S
516,0,1,"Baker, Dr. William",male,0.7,0,0,W./C. 4784,96.88,,Q
517,1,2,"Wright, Mrs. Florence",female,13.1,0,0,SC/PARIS 33908,28.94,,S
518,1,3,"Hall, Miss. Helen",female,3.8,2,0,PC 52556,5.41,,S
519,0,3,"Walker, Master. William",male,,0,0,A/5 49668,3.0,,S
520,1,1,"Walker, Mrs. Helen",female,,1,0,A/5 62040,39.82,A16,C
521,1,3,"Adams, Dr. Thomas",male,0.3,1,0,A/5 14109,10.43,,S
522,1,2,"Clark, Mrs. Elizabeth",female,51.0,0,0,C.A. 69002,29.34,,S
523,0,3,"Wright, Rev. Edward",male,38.9,0,0,SC/PARIS 69175,16.39,,S
524,0,3,"Allen, Dr. Charles",male,34.5,1,0,W./C. 65365,14.04,E24,S
525,0,3,"Johnson, Master. William",male,12.3,0,0,PC 1390,3.0,,C
526,0,3,"Johnson, Master. Thomas",male,33.0,0,0,SC/PARIS 3242,17.66,,S
527,1,2,"Clark, Rev. Thomas",male,37.6,1,0,W./C. 4634,13.02,,S
528,1,2,"Allen, Mr. John",male,27.8,0,0,SOTON/OQ 49110,22.5,,Q
529,1,1,"Allen, Miss. Mary",female,,0,1,C.A. 35347,91.25,,S
530,0,3,"Anderson, Rev. Arthur",male,10.8,0,0,SC/PARIS 47468,20.79,,Q
531,1,3,"Hall, Rev. Arthur",male,31.1,0,0,PC 43940,18.41,,S
532,0,3,"Clark, Dr. William",male,18.7,0,2,W./C. 46916,10.61,,C
533,0,3,"Hall, Dr. Florence",female,28.4,0,0,W./C. 43509,8.65,,S
534,0,3,"Young, Mr. James",male,7.6,0,0,SC/PARIS 40012,14.15,,S
535,0,3,"Clark, Master. Charles",male,44.0,0,0,SOTON/OQ 72986,12.67,,C
536,0,3,"Young, Rev. Thomas",male,46.3,2,4,A/5 44018,11.35,,C
537,0,3,"Clark, Mr. Thomas",male,21.8,1,0,PC 96548,20.13,,C
538,1,2,"Walker, Miss. Florence",female,34.0,0,0,A/5 73931,28.98,,S
539,1,2,"Baker, Master. Thomas",male,25.6,0,0,SC/PARIS 27249,24.43,,C
540,0,1,"Allen, Dr. Charles",male,54.1,2,1,SOTON/OQ 43314,145.69,F133,C
541,1,3,"King, Miss. Anna",female,19.6,0,0,W./C. 69191,16.91,,S
542,0,3,"Taylor, Mr. George",male,3.2,0,0,C.A. 64616,15.71,,C
543,1,1,"Scott, Master. Charles",male,30.7,1,1,W./C. 21242,76.62,,C
544,1,3,"Allen, Mr. Charles",male,24.2,0,0,STON/O 97647,8.11,,S
545,1,3,"Anderson, Mrs. Margaret",female,0.4,0,0,C.A. 52938,8.04,,S
546,1,2,"King, Rev. James",male,,0,0,C.A. 69792,23.82,,S
547,1,1,"Wright, Miss. Helen",female,40.7,0,0,SC/PARIS 67277,83.7,,S
548,0,3,"King, Rev. William",male,36.4,0,0,A/5 39464,13.1,,S
549,0,3,"Wright, Mr. William",male,12.6,0,0,SOTON/OQ 10765,6.27,,S
550,0,3,"Clark, Master. Arthur",male,18.2,1,0,STON/O 72655,20.15,,S
551,0,3,"Taylor, Miss. Helen",female,33.9,0,1,W./C. 99131,19.22,,S
552,1,3,"Brown, Rev. George",male,,1,0,SOTON/OQ 86980,9.58,,S
553,1,3,"Baker, Mrs. Florence",female,,0,0,PC 20692,15.58,,C
554,1,3,"Baker, Miss. Helen",female,,1,0,SOTON/OQ 5032,15.82,,Q
555,0,3,"Allen, Rev. John",male,23.4,0,0,W./C. 24039,18.43,,S
556,0,2,"Hall, Rev. John",male,15.9,0,0,SC/PARIS 9276,20.15,,Q
557,1,1,"Brown, Master. John",male,,2,0,A/5 9343,116.89,D151,S
558,0,1,"Johnson, Mr. Henry",male,39.0,0,1,A/5 60195,152.76,,S
559,0,3,"Allen, Mrs. Florence",female,,2,0,C.A. 44379,10.91,,S
560,1,3,"Green, Mrs. Elizabeth",female,21.6,0,1,STON/O 96706,32.74,,S
561,0,3,"Scott, Rev. Thomas",male,,1,6,C.A. 55469,17.72,,C
562,0,1,"King, Master. William",male,,0,1,A/5 2725,136.75,B30,S
563,1,1,"Anderson, Miss. Helen",female,39.9,2,0,W./C. 62137,386.09,,S
564,0,1,"Smith, Mr. George",male,52.7,1,0,STON/O 2240,113.86,,S
565,0,2,"Scott, Miss. Helen",female,78.0,1,0,SC/PARIS 93907,24.42,,S
566,0,3,"Baker, Master. George",male,50.1,0,0,STON/O 91746,6.35,,S
567,1,2,"Wright, Miss. Elizabeth",female,31.7,0,0,W./C. 25272,46.13,,S
568,1,2,"Green, Mr. William",male,22.2,0,2,SOTON/OQ 32747,16.07,,S
569,0,3,"Wright, Master. John",male,13.6,2,0,A/5 37506,17.35,,C
570,0,2,"Baker, Mr. William",male,0.4,0,0,SOTON/OQ 46168,10.25,,Q
571,0,3,"Johnson, Master. John",male,35.1,2,0,C.A. 53625,17.89,,S
572,0,3,"Wright, Master. Edward",male,22.4,0,0,SC/PARIS 8164,8.06,,C
573,1,2,"Allen, Mrs. Anna",female,47.7,0,3,PC 58216,20.38,,S
574,1,3,"Young, Dr. Alice",female,24.9,0,0,PC 27827,42.94,,S
575,0,3,"Walker, Master. Charles",male,30.0,2,0,C.A. 66313,16.66,,S
576,0,3,"Johnson, Dr. Charles",male,43.7,0,0,SOTON/OQ 32407,4.01,,S
577,0,1,"Adams, Rev. James",male,5.0,0,0,A/5 64442,145.8,,Q
578,0,3,"Scott, Dr. Alice",female,45.9,0,0,SC/PARIS 72205,7.93,,S
579,1,3,"Green, Dr. Arthur",male,,2,1,C.A. 63650,15.88,,S
580,0,2,"Scott, Dr. James",male,30.3,1,0,PC 29293,31.04,,S
581,0,2,"Walker, Master. Edward",male,27.0,0,1,STON/O 57862,3.0,,S
582,1,3,"Johnson, Rev. James",male,13.2,1,4,SOTON/OQ 6535,22.94,,C
583,1,3,"Anderson, Rev. Thomas",male,50.8,0,0,C.A. 60290,3.0,,S
584,0,2,"Wright, Dr. George",male,36.1,0,0,STON/O 22286,22.16,,S
585,0,3,"King, Miss. Mary",female,7.4,0,0,A/5 87852,14.54,,S
586,1,2,"Johnson, Master. Arthur",male,16.1,0,0,STON/O 65565,23.27,,S
587,1,1,"Johnson, Dr. Clara",female,7.6,0,0,SC/PARIS 8130,24.7,,S
588,1,1,"Wright, Master. William",male,,0,1,C.A. 48287,138.59,,S
589,1,1,"Smith, Dr. Henry",male,49.2,1,0,PC 65694,82.85,,S
590,1,1,"Adams, Dr. Mary",female,61.7,1,0,PC 97500,135.51,,S
591,1,1,"Walker, Miss. Margaret",female,47.3,0,1,SOTON/OQ 71311,44.6,,C
592,1,3,"Baker, Miss. Emma",female,9.8,0,0,SOTON/OQ 44260,4.08,,C
593,1,1,"Hall, Dr. Henry",male,,0,1,STON/O 40202,32.23,,S
594,1,2,"Baker, Rev. Arthur",male,23.7,3,3,A/5 80374,28.58,,S
595,0,3,"Wright, Miss. Florence",female,25.2,2,0,STON/O 52303,19.53,,S
596,1,3,"Johnson, Rev. Henry",male,6.7,2,0,SOTON/OQ 74462,11.27,,C
597,1,3,"Smith, Master. George",male,,3,0,STON/O 80903,3.48,,S
598,1,1,"Allen, Rev. Arthur",male,35.8,0,0,PC 34389,72.98,,S
599,1,1,"Scott, Master. Henry",male,,2,0,SOTON/OQ 62964,67.58,G75,S
600,1,1,"Young, Miss. Margaret",female,,0,0,STON/O 51490,86.69,G80,S
601,0,1,"Baker, Rev. Edward",male,38.2,0,1,PC 17882,50.28,,S
602,0,2,"Anderson, Master. Henry",male,,0,4,W./C. 31054,24.56,,S
603,1,1,"Clark, Rev. Arthur",male,40.7,0,0,SOTON/OQ 91177,109.91,,C
604,1,1,"Brown, Mr. John",male,59.7,0,0,SC/PARIS 95450,84.51,,S
605,1,1,"Green, Mr. John",male,41.6,0,0,PC 88760,60.11,,S
606,0,3,"Anderson, Mr. George",male,27.9,2,0,A/5 23758,21.99,,S
607,1,1,"King, Rev. George",male,39.4,0,0,A/5 34329,79.73,,S
608,0,2,"Adams, Dr. Florence",female,,0,1,A/5 71574,12.07,,S
609,0,3,"Smith, Rev. John",male,53.6,3,0,A/5 3094,5.39,,S
610,0,3,"Allen, Dr. Arthur",male,18.6,0,0,A/5 93238,8.76,,S
611,1,1,"Green, Dr. Helen",female,27.5,0,0,SC/PARIS 64465,110.72,,C
612,1,3,"Anderson, Mrs. Mary",female,20.5,0,0,PC 78551,11.38,,S
613,0,3,"King, Dr. George",male,26.6,0,0,STON/O 69562,9.34,,S
614,0,1,"King, Mr. Thomas",male,,0,0,C.A. 16658,42.26,,C
615,0,3,"Allen, Master. George",male,,0,4,W./C. 32609,27.69,,S
616,0,3,"Johnson, Dr. Mary",female,26.4,2,0,A/5 15092,9.73,,S
617,1,1,"Scott, Miss. Clara",female,,0,1,SOTON/OQ 88029,7.92,,S
618,0,2,"Smith, Mrs. Florence",female,28.1,0,0,W./C. 68412,17.65,,S
619,1,3,"Adams, Mr. James",male,,1,1,SC/PARIS 36421,19.07,,C
620,0,3,"Young, Dr. Clara",female,24.1,2,1,SOTON/OQ 13854,18.38,,S
621,1,1,"Walker, Mr. William",male,24.0,0,2,PC 83063,95.19,,C
622,0,1,"Johnson, Dr. Edward",male,,0,0,A/5 45791,70.89,,C
623,1,2,"Clark, Mr. Charles",male,10.7,0,0,SC/PARIS 39104,20.82,,S
624,1,3,"Wright, Mrs. Alice",female,42.9,0,0,SOTON/OQ 43446,10.65,,C
625,0,3,"Brown, Rev. James",male,30.7,0,0,STON/O 9081,18.1,,S
626,0,2,"Walker, Dr. Elizabeth",female,49.4,0,0,SOTON/OQ 4648,22.56,,Q
627,1,3,"Scott, Dr. Thomas",male,17.3,0,1,SC/PARIS 8023,14.79,,S
628,0,3,"King, Mr. James",male,,0,0,A/5 82455,8.64,,S
629,0,1,"Walker, Rev. William",male,0.7,0,0,SC/PARIS 23198,52.7,,S
630,0,2,"Young, Rev. Henry",male,39.1,0,0,A/5 99985,24.47,,S
631,1,3,"Adams, Miss. Emma",female,40.9,0,0,PC 16125,10.08,,S
632,1,3,"Green, Rev. Henry",male,,0,4,PC 11456,10.58,,S
633,0,3,"Allen, Mrs. Clara",female,,0,0,SC/PARIS 73608,11.22,E14,S
634,0,3,"Hall, Mrs. Mary",female,18.4,0,0,PC 29076,11.63,,S
635,1,1,"Anderson, Dr. Clara",female,70.3,0,0,W./C. 1958,310.99,,S
636,0,2,"King, Dr. Thomas",male,21.5,0,0,A/5 18839,27.44,,S
637,1,3,"Allen, Mr. William",male,27.0,0,1,C.A. 45106,6.68,,Q
638,0,2,"Taylor, Dr. Henry",male,,0,0,PC 99996,19.63,,C
639,0,2,"Green, Mrs. Mary",female,0.4,2,0,C.A. 48314,36.61,,Q
640,0,2,"Green, Dr. Helen",female,24.9,0,0,A/5 71916,14.03,,S
641,1,1,"King, Mr. John",male,40.7,0,0,SOTON/OQ 34291,73.81,,S
642,1,2,"Smith, Miss. Alice",female,15.5,1,3,STON/O 67891,27.75,,S
643,1,1,"Brown, Rev. Thomas",male,46.5,1,2,W./C. 1709,108.59,E23,C
644,1,2,"Scott, Master. George",male,26.4,0,0,PC 12910,34.06,,S
645,0,1,"Allen, Dr. James",male,22.7,0,0,STON/O 96428,38.58,,S
646,1,3,"Clark, Mrs. Elizabeth",female,5.3,0,2,C.A. 52566,3.0,,S
647,0,3,"Allen, Rev. Charles",male,1.5,0,0,C.A. 70666,11.45,,Q
648,1,3,"Hall, Miss. Mary",female,,0,0,PC 55278,16.71,,S
649,0,3,"Wright, Dr. Florence",female,27.6,0,2,C.A. 32668,9.58,,S
650,1,3,"Allen, Mrs. Mary",female,78.0,3,0,A/5 50194,13.31,,S
651,1,1,"Scott, Dr. Thomas",male,44.9,7,0,SC/PARIS 20987,90.41,,S
652,0,3,"Young, Rev. Henry",male,17.1,5,0,C.A. 79545,8.95,,S
653,0,3,"Young, Dr. James",male,,3,0,SOTON/OQ 52420,12.08,,S
654,1,3,"Young, Rev. George",male,47.1,0,1,PC 97316,3.0,,S
655,0,2,"Allen, Dr. Thomas",male,4.3,0,1,W./C. 92521,15.62,,C
656,0,1,"Walker, Dr. Florence",female,46.1,0,0,STON/O 64586,100.87,,S
657,0,2,"King, Rev. Charles",male,25.6,0,1,A/5 54451,27.45,,C
658,0,2,"Smith, Master. George",male,24.5,0,0,W./C. 26169,27.12,,C
659,0,3,"Baker, Master. Edward",male,,2,1,SC/PARIS 10094,13.45,,S
660,0,3,"Green, Mr. Charles",male,19.1,0,2,W./C. 73796,3.0,,S
661,0,2,"Allen, Master. Edward",male,,1,0,PC 68072,35.22,,S
662,0,3,"Green, Master. Charles",male,,0,0,SC/PARIS 95308,9.89,,C
663,1,3,"Baker, Mrs. Clara",female,39.0,0,0,SOTON/OQ 6559,12.64,,S
664,1,1,"Green, Rev. Edward",male,34.3,1,0,SOTON/OQ 25078,65.37,,S
665,1,1,"Brown, Miss. Anna",female,37.7,1,0,A/5 68405,99.44,,S
666,1,1,"King, Dr. Margaret",female,53.4,5,0,PC 45275,71.65,,S
667,1,2,"Young, Rev. John",male,0.4,0,0,SC/PARIS 46188,10.78,,S
668,1,1,"Taylor, Mrs. Mary",female,40.5,0,0,STON/O 79678,64.26,B142,S
669,1,1,"Baker, Master. Arthur",male,42.9,0,0,STON/O 68834,86.75,,C
670,0,2,"Anderson, Dr. Florence",female,28.3,0,0,STON/O 46032,28.8,,S
671,0,1,"Taylor, Rev. John",male,51.5,0,0,STON/O 3911,67.13,,S
672,0,3,"Anderson, Mrs. Mary",female,50.6,3,0,STON/O 38961,18.03,,S
673,0,1,"Baker, Miss. Emma",female,,0,3,SC/PARIS 72265,99.9,,S
674,1,3,"King, Miss. Helen",female,10.8,0,1,C.A. 22713,6.19,,S
675,1,2,"Baker, Miss. Mary",female,38.0,0,0,STON/O 1470,30.97,,C
676,1,3,"Taylor, Mr. Charles",male,,0,2,A/5 36907,9.24,,S
677,0,1,"Clark, Mr. Henry",male,,0,0,W./C. 89605,106.35,,S
678,0,2,"Clark, Master. Arthur",male,28.7,0,0,STON/O 78212,105.42,,S
679,0,3,"Baker, Rev. Arthur",male,22.9,0,2,PC 66451,14.04,,S
680,0,3,"Clark, Dr. Clara",female,,0,1,PC 94766,8.63,,S
681,0,3,"Smith, Rev. Thomas",male,31.5,0,1,W./C. 31704,10.57,,S
682,1,2,"Green, Miss. Margaret",female,80.0,0,1,C.A. 28414,15.37,,C
683,1,1,"Wright, Dr. Anna",female,69.7,1,3,PC 94792,48.16,,S
684,0,3,"Taylor, Dr. Mary",female,15.5,1,0,SC/PARIS 86742,15.6,,S
685,0,3,"King, Master. Arthur",male,20.6,0,1,STON/O 40077,4.81,,S
686,1,3,"Taylor, Miss. Margaret",female,23.7,0,1,STON/O 31157,11.08,,S
687,1,3,"Young, Dr. Florence",female,33.3,0,3,SOTON/OQ 60742,16.11,,S
688,0,2,"Taylor, Rev. Thomas",male,38.7,1,2,STON/O 21838,44.48,,S
689,1,3,"Clark, Rev. Henry",male,18.6,0,0,SC/PARIS 4600,11.9,,S
690,1,1,"Brown, Dr. Emma",female,,0,0,W./C. 72845,62.55,,S
691,0,2,"Taylor, Dr. James",male,6.6,1,0,PC 41915,5.32,,S
692,1,2,"Clark, Mr. Charles",male,19.7,2,1,STON/O 42517,27.15,,S
693,0,3,"Green, Rev. James",male,34.4,0,0,SOTON/OQ 89699,9.72,,S
694,1,2,"Green, Rev. James",male,39.5,1,3,PC 10179,18.03,,S
695,1,1,"Clark, Master. Edward",male,62.3,1,0,C.A. 24135,109.4,,Q
696,0,3,"Young, Master. James",male,29.0,0,0,SC/PARIS 53956,9.53,,S
697,1,2,"King, Mr. Edward",male,34.4,1,0,A/5 40509,13.79,,S
698,0,3,"Wright, Master. Edward",male,43.0,0,3,SC/PARIS 67481,13.69,,S
699,1,1,"Adams, Dr. Clara",female,28.1,1,0,C.A. 34169,142.83,,C
700,0,3,"Baker, Rev. Edward",male,34.6,2,0,C.A. 15847,14.1,,C
701,1,3,"Smith, Mrs. Elizabeth",female,6.6,0,2,SC/PARIS 23854,3.76,,S
702,1,1,"Johnson, Dr. George",male,55.4,0,0,STON/O 61170,93.19,,Q
703,0,2,"Clark, Dr. George",male,24.3,1,0,SC/PARIS 83502,30.69,,S
704,0,1,"Taylor, Rev. Edward",male,59.3,0,0,SOTON/OQ 84950,94.0,,S
705,0,1,"King, Dr. William",male,26.1,0,0,SOTON/OQ 42825,83.52,,C
706,1,3,"Wright, Rev. John",male,35.5,0,0,C.A. 99386,28.72,,C
707,1,2,"Walker, Dr. Mary",female,48.7,0,0,STON/O 70773,3.0,,S
708,1,3,"King, Dr. Edward",male,19.4,2,0,SC/PARIS 31521,14.78,,S
709,1,2,"Taylor, Rev. William",male,47.5,1,0,SC/PARIS 29160,24.21,,S
710,1,3,"King, Mrs. Margaret",female,32.4,0,0,SC/PARIS 68808,4.28,,S
711,1,3,"Anderson, Master. Thomas",male,34.9,2,1,SC/PARIS 42080,3.93,,C
712,0,3,"Johnson, Master. George",male,18.0,0,0,SOTON/OQ 89657,9.0,,S
713,1,3,"Hall, Dr. Alice",female,15.9,1,0,SOTON/OQ 13554,13.05,,S
714,1,2,"Young, Master. Arthur",male,37.6,4,0,W./C. 57068,40.42,,S
715,1,2,"Hall, Dr. Charles",male,45.5,1,3,SC/PARIS 69028,30.7,,S
716,0,3,"Taylor, Dr. Helen",female,10.3,1,0,PC 93308,12.06,,S
717,0,3,"Hall, Mr. Thomas",male,10.6,0,1,SC/PARIS 56502,18.6,,S
718,1,3,"Anderson, Dr. Elizabeth",female,0.4,2,0,PC 19474,11.45,,Q
719,1,1,"Young, Dr. Elizabeth",female,26.0,2,0,SC/PARIS 18044,74.28,,C
720,0,3,"Adams, Rev. George",male,18.6,2,0,PC 23207,9.91,,S
721,0,3,"Scott, Rev. Charles",male,26.5,0,0,C.A. 65670,14.19,,C
722,0,1,"Scott, Mr. William",male,35.7,0,0,SOTON/OQ 77203,100.21,,C
723,0,1,"Baker, Dr. Charles",male,50.7,0,1,C.A. 7278,140.78,,C
724,0,3,"Baker, Mr. John",male,19.8,1,0,W./C. 2810,14.42,,S
725,1,3,"Scott, Mrs. Alice",female,,0,2,PC 73887,18.69,,S
726,1,3,"Adams, Master. Thomas",male,0.4,1,1,STON/O 96795,15.19,,S
727,0,1,"Young, Dr. Henry",male,71.3,0,0,SOTON/OQ 53203,127.72,,S
728,1,3,"Adams, Dr. Elizabeth",female,0.5,0,0,SC/PARIS 50925,11.76,,S
729,0,1,"Johnson, Dr. Alice",female,6.6,2,0,A/5 20493,90.47,,S
730,1,1,"Taylor, Mr. Edward",male,32.6,3,0,SC/PARIS 11802,75.47,B65,S
731,0,1,"Smith, Rev. Edward",male,66.9,0,0,C.A. 36332,59.72,B82,C
732,0,3,"Clark, Dr. James",male,15.6,0,0,SC/PARIS 64800,12.88,,S
733,1,3,"King, Mr. Charles",male,82.0,0,0,STON/O 42474,15.19,,S
734,0,3,"Clark, Dr. William",male,13.2,0,0,A/5 26292,11.74,,Q
735,1,2,"Walker, Dr. Thomas",male,0.7,1,0,C.A. 13881,25.67,,Q
736,1,3,"Taylor, Dr. Mary",female,10.5,0,0,A/5 29173,11.82,,C
737,0,2,"Brown, Rev. George",male,11.4,0,0,PC 34985,29.16,,Q
738,0,3,"Smith, Rev. George",male,18.5,0,1,A/5 47726,7.67,,S
739,1,2,"Green, Mr. Henry",male,34.2,0,0,W./C. 73167,42.34,,Q
740,1,2,"Brown, Rev. James",male,46.0,0,0,PC 53876,19.52,,S
741,0,3,"Taylor, Dr. Mary",female,22.6,0,0,A/5 61847,10.03,,S
742,1,2,"Allen, Miss. Alice",female,78.0,0,0,PC 84028,19.88,,S
743,1,3,"Anderson, Mrs. Clara",female,,0,0,A/5 73066,10.37,,S
744,0,3,"Clark, Mr. Arthur",male,35.0,1,0,C.A. 73422,14.36,,S
745,1,1,"Anderson, Master. Henry",male,,1,0,C.A. 40746,70.56,,S
746,1,3,"Brown, Master. Edward",male,45.0,0,0,A/5 39860,14.33,,C
747,0,2,"Scott, Mr. James",male,17.5,1,0,STON/O 30388,14.2,,S
748,0,3,"Walker, Master. Henry",male,26.4,0,0,STON/O 18422,5.59,,S
749,1,3,"Allen, Mrs. Mary",female,,0,0,SC/PARIS 33748,9.69,,C
750,0,3,"Wright, Dr. John",male,,2,1,SOTON/OQ 35929,20.55,,S
751,1,1,"Scott, Master. Arthur",male,33.0,0,0,STON/O 32010,82.18,,S
752,1,3,"Adams, Master. John",male,37.4,0,0,C.A. 93866,17.45,,S
753,1,3,"Adams, Master. William",male,,0,1,W./C. 18244,16.42,,S
754,0,2,"King, Mr. William",male,28.2,0,0,STON/O 79276,36.49,,S
755,1,1,"Green, Miss. Elizabeth",female,48.9,0,0,STON/O 39354,92.62,,Q
756,1,3,"Clark, Dr. Helen",female,,1,0,SC/PARIS 15445,15.99,,S
757,1,3,"Smith, Mrs. Florence",female,7.1,0,1,SOTON/OQ 50469,19.63,,S
758,1,3,"Hall, Mr. William",male,,0,2,PC 8889,14.49,,C
759,0,3,"Scott, Mr. John",male,9.0,1,0,SOTON/OQ 81538,13.03,,S
760,1,3,"Green, Rev. Charles",male,0.4,0,0,W./C. 35104,11.95,,S
761,0,1,"Anderson, Mr. Thomas",male,,3,0,STON/O 31099,103.22,,S
762,1,2,"Brown, Miss. Mary",female,17.8,1,0,SOTON/OQ 7826,27.27,,S
763,1,2,"Young, Master. George",male,49.7,0,0,C.A. 16077,24.68,,S
764,0,3,"Green, Dr. William",male,21.2,2,0,W./C. 17573,19.54,,S
765,0,1,"Walker, Mr. George",male,40.0,0,0,A/5 8002,32.92,,S
766,0,3,"Johnson, Rev. William",male,,0,0,STON/O 72977,17.44,,Q
767,0,3,"Smith, Mrs. Elizabeth",female,80.0,1,0,W./C. 8361,10.77,,S
768,0,3,"Clark, Mr. James",male,49.3,0,0,C.A. 89082,18.95,,S
769,0,2,"Clark, Dr. Henry",male,28.8,0,0,STON/O 10137,28.41,,S
770,0,3,"Taylor, Dr. James",male,1.0,0,0,SC/PARIS 29596,4.99,,S
771,0,1,"Green, Dr. John",male,47.4,0,2,STON/O 20071,111.28,,S
772,1,3,"Hall, Mrs. Helen",female,32.5,1,0,W./C. 4294,13.79,,S
773,1,1,"Baker, Miss. Mary",female,34.7,1,0,SOTON/OQ 58118,138.13,,C
774,1,2,"Clark, Miss. Anna",female,28.3,0,1,STON/O 95089,18.27,,S
775,1,3,"Taylor, Miss. Elizabeth",female,51.1,0,3,SOTON/OQ 23039,18.63,,S
776,0,1,"Smith, Master. William",male,52.5,0,3,A/5 15587,167.8,,S
777,1,1,"Johnson, Mrs. Anna",female,,3,1,C.A. 40037,47.77,C51,S
778,1,3,"Clark, Master. Thomas",male,,0,0,SC/PARIS 60925,9.89,,S
779,0,3,"Walker, Rev. John",male,12.1,1,0,STON/O 44107,13.74,,S
780,1,3,"Young, Miss. Margaret",female,48.3,0,0,STON/O 99117,15.95,,S
781,0,3,"Taylor, Dr. William",male,2.6,0,0,SOTON/OQ 58251,9.11,,S
782,0,3,"Walker, Mrs. Anna",female,,0,0,SC/PARIS 48616,3.29,,C
783,0,2,"Scott, Mr. Arthur",male,32.9,0,0,A/5 74858,5.61,,Q
784,1,2,"Allen, Dr. Edward",male,16.0,0,0,STON/O 24427,35.78,,C
785,1,1,"Baker, Dr. Mary",female,41.4,0,1,A/5 74767,125.19,,C
786,1,3,"Allen, Miss. Margaret",female,20.8,8,1,W./C. 34028,20.06,,S
787,0,3,"King, Rev. George",male,32.1,1,1,SOTON/OQ 96348,15.47,,Q
788,0,2,"Walker, Master. Edward",male,40.7,1,0,PC 38025,18.51,,S
789,0,3,"Smith, Rev. John",male,23.4,4,0,PC 73675,14.67,,Q
790,0,3,"Smith, Dr. Arthur",male,15.7,2,0,STON/O 85435,18.96,,Q
791,0,1,"Allen, Rev. John",male,16.6,0,0,A/5 93696,102.57,,S
792,1,3,"Walker, Dr. Margaret",female,15.7,0,0,C.A. 41118,6.31,,Q
793,0,3,"Anderson, Mr. Edward",male,,2,2,W./C. 91252,19.17,,S
794,1,3,"Johnson, Mrs. Emma",female,28.2,1,0,PC 57563,11.83,,S
795,0,1,"King, Rev. Arthur",male,53.1,0,0,C.A. 42579,99.2,F76,S
796,0,3,"Anderson, Mr. William",male,31.7,0,1,W./C. 97749,8.43,,S
797,0,3,"Johnson, Dr. Mary",female,24.6,1,0,C.A. 74185,13.69,,S
798,0,3,"Allen, Master. James",male,29.5,0,0,STON/O 28652,12.18,,S
799,0,3,"Young, Rev. Henry",male,15.7,8,0,STON/O 47426,22.09,,Q
800,0,3,"Walker, Dr. Edward",male,,0,0,A/5 92869,7.29,,S
801,0,3,"Taylor, Mrs. Margaret",female,48.0,1,0,PC 75895,12.39,,C
802,1,1,"Baker, Mrs. Mary",female,35.8,0,0,C.A. 49507,50.33,,C
803,0,3,"King, Mr. Thomas",male,42.0,1,0,SC/PARIS 4394,19.54,,Q
804,0,3,"Allen, Rev. George",male,28.1,10,1,C.A. 40291,8.45,,Q
805,1,2,"Brown, Mr. Charles",male,36.1,0,0,PC 30581,24.04,,S
806,1,3,"Johnson, Dr. Emma",female,0.4,2,0,PC 21252,20.7,,Q
807,0,3,"Brown, Mrs. Alice",female,35.4,0,0,W./C. 64108,6.89,,C
808,0,3,"Scott, Dr. George",male,4.5,1,1,SOTON/OQ 32827,12.33,,S
809,1,2,"Hall, Dr. John",male,27.5,0,0,SC/PARIS 73007,12.94,,S
810,1,1,"Scott, Mr. James",male,50.7,0,0,SC/PARIS 64015,27.2,,S
811,1,3,"Walker, Dr. Florence",female,34.0,0,0,A/5 95883,10.18,,S
812,1,3,"Anderson, Mrs. Florence",female,14.8,0,0,A/5 9494,5.85,,S
813,1,1,"Walker, Mr. John",male,20.2,5,2,PC 89752,115.45,,S
814,1,3,"Brown, Dr. Thomas",male,38.2,1,0,SOTON/OQ 48900,5.87,,S
815,0,3,"Smith, Mr. Charles",male,15.3,1,0,A/5 67778,8.04,,S
816,0,3,"Baker, Dr. Margaret",female,8.5,0,0,SC/PARIS 96038,6.0,,C
817,0,3,"Young, Mr. James",male,,0,1,A/5 23228,12.74,,S
818,1,2,"Johnson, Miss. Anna",female,13.2,1,0,PC 57401,32.31,,S
819,1,1,"Adams, Rev. Thomas",male,,3,0,A/5 94433,93.94,,S
820,0,2,"King, Master. Thomas",male,39.2,1,1,PC 72721,40.83,,S
821,0,3,"Hall, Dr. James",male,54.6,1,0,C.A. 99363,7.16,,Q
822,1,1,"Walker, Mr. James",male,,0,0,W./C. 10990,54.67,,S
823,0,2,"Green, Rev. Charles",male,19.0,0,0,SOTON/OQ 27421,22.31,,S
824,1,2,"Brown, Mrs. Florence",female,17.9,3,2,STON/O 96612,32.51,,S
825,1,3,"Green, Mrs. Clara",female,80.0,0,0,PC 95827,3.52,,S
826,1,3,"Smith, Master. Arthur",male,2.9,0,0,C.A. 61394,8.62,,C
827,1,2,"Adams, Rev. Henry",male,21.4,1,2,STON/O 12413,15.55,,C
828,1,2,"Scott, Miss. Helen",female,4.4,0,1,STON/O 31486,39.03,,S
829,0,3,"Young, Mrs. Elizabeth",female,,3,0,SOTON/OQ 60976,19.35,,S
830,1,2,"Johnson, Dr. John",male,38.9,0,0,SC/PARIS 18862,20.61,,S
831,1,1,"King, Dr. Florence",female,32.9,0,0,SC/PARIS 51145,33.25,,S
832,0,2,"Taylor, Master. George",male,35.7,0,0,PC 9207,17.92,,S
833,1,1,"Johnson, Dr. George",male,56.0,1,0,SC/PARIS 72441,104.13,,S
834,1,1,"Clark, Miss. Clara",female,40.1,2,0,PC 64205,41.79,,S
835,0,3,"King, Dr. Alice",female,35.4,0,0,SOTON/OQ 29387,4.18,,S
836,0,2,"King, Dr. Anna",female,45.0,1,0,SOTON/OQ 40555,101.95,,Q
837,1,3,"Adams, Master. James",male,19.4,0,0,SOTON/OQ 95491,15.18,,Q
838,0,2,"Adams, Master. Charles",male,,2,3,A/5 71365,41.29,,S
839,1,3,"Walker, Mrs. Mary",female,29.0,0,0,SOTON/OQ 94213,12.26,,C
840,1,3,"Adams, Mr. George",male,26.0,0,0,A/5 33737,69.11,,S
841,0,1,"Anderson, Master. Henry",male,,0,0,STON/O 17450,42.16,,S
842,0,3,"Johnson, Dr. James",male,,2,1,A/5 13141,11.77,,C
843,0,1,"King, Mr. James",male,32.3,1,0,A/5 89867,110.06,,Q
844,0,3,"Young, Mr. Thomas",male,31.9,2,0,STON/O 71144,10.82,,Q
845,1,1,"Clark, Mrs. Alice",female,,0,0,W./C. 70185,122.86,,S
846,0,2,"Young, Rev. Thomas",male,54.1,0,0,PC 4322,28.84,,S
847,0,1,"Walker, Dr. Arthur",male,16.4,0,0,W./C. 97051,109.1,,C
848,0,3,"Allen, Rev. James",male,0.4,0,1,W./C. 1440,4.34,,S
849,1,3,"Clark, Mrs. Emma",female,0.4,1,0,W./C. 37970,17.68,,S
850,0,3,"Scott, Dr. Anna",female,,0,0,SC/PARIS 75742,17.39,,S
851,1,1,"Young, Master. John",male,,0,0,SC/PARIS 95936,3.0,,S
852,0,3,"Taylor, Dr. Margaret",female,0.4,0,0,C.A. 37967,11.62,,S
853,1,1,"Brown, Miss. Elizabeth",female,38.3,0,2,PC 68585,156.41,C31,S
854,0,3,"Brown, Mrs. Alice",female,0.5,0,2,SC/PARIS 88216,14.9,,Q
855,1,1,"Smith, Miss. Alice",female,52.5,1,0,STON/O 72873,116.42,B128,S
856,0,1,"King, Mr. George",male,,0,0,STON/O 63994,48.6,,S
857,0,1,"Smith, Dr. Mary",female,38.2,1,0,A/5 73869,114.81,,S
858,1,3,"Clark, Rev. Edward",male,33.8,0,1,C.A. 52950,14.3,,S
859,0,3,"King, Miss. Florence",female,30.9,1,0,SOTON/OQ 18170,3.0,,S
860,1,1,"Adams, Mrs. Clara",female,0.4,4,0,SC/PARIS 81632,18.54,,S
861,1,3,"Baker, Mrs. Margaret",female,,0,0,A/5 44168,73.99,,C
862,0,2,"Smith, Miss. Anna",female,22.0,0,0,STON/O 95063,104.67,,S
863,1,3,"Brown, Mr. Charles",male,47.4,2,0,STON/O 38852,11.74,,Q
864,1,2,"Clark, Rev. James",male,24.6,0,0,W./C. 82713,14.95,,S
865,0,2,"Brown, Dr. Mary",female,57.9,1,0,STON/O 1096,22.19,,S
866,0,3,"Smith, Dr. Florence",female,,0,0,C.A. 11667,3.0,,S
867,1,1,"Clark, Rev. James",male,44.0,2,0,A/5 98800,130.89,,S
868,0,1,"Wright, Master. Henry",male,,0,0,C.A. 6002,86.29,,C
869,1,3,"Allen, Dr. Arthur",male,21.2,1,0,STON/O 81096,10.35,,S
870,0,3,"Johnson, Mrs. Margaret",female,,0,0,C.A. 61896,14.43,,S
871,1,2,"Anderson, Miss. Helen",female,4.3,0,0,A/5 66637,23.4,,C
872,1,2,"Green, Mr. Henry",male,15.8,0,0,A/5 56701,23.51,,Q
873,0,3,"Taylor, Master. Edward",male,,1,3,A/5 25539,8.4,,C
874,0,2,"Allen, Mrs. Margaret",female,47.5,0,0,A/5 41664,29.13,,S
875,1,1,"Allen, Mrs. Florence",female,0.5,0,0,SC/PARIS 64202,90.88,,C
876,1,1,"Adams, Rev. Thomas",male,,0,2,W./C. 67458,81.66,,S
877,0,3,"Scott, Mr. Charles",male,14.7,1,0,PC 36198,14.05,,S
878,0,3,"King, Rev. Henry",male,59.0,0,0,PC 87042,3.0,,S
879,1,1,"Hall, Mr. Edward",male,18.3,1,0,C.A. 24353,588.04,D34,S
880,0,1,"Hall, Master. Charles",male,,0,0,SOTON/OQ 88970,72.88,,S
881,1,1,"Taylor, Mrs. Anna",female,44.1,0,1,A/5 38106,73.64,,S
882,1,3,"Green, Dr. Alice",female,37.5,0,0,SC/PARIS 76806,5.34,,C
883,1,1,"Scott, Mr. George",male,57.3,0,0,SC/PARIS 22676,113.21,,S
884,0,1,"Adams, Dr. Clara",female,53.1,0,1,SOTON/OQ 52651,91.23,,S
885,0,3,"Brown, Dr. Edward",male,36.6,1,0,C.A. 68636,9.42,,S
886,1,1,"Taylor, Master. John",male,15.6,0,1,SC/PARIS 17150,53.02,D24,Q
887,1,3,"Wright, Master. James",male,15.2,0,0,SC/PARIS 97332,3.48,,S
888,0,1,"Johnson, Master. George",male,33.2,0,0,C.A. 62040,86.1,,S
889,1,1,"Green, Dr. Mary",female,52.2,0,4,PC 23609,56.62,,C
890,1,2,"Hall, Dr. Elizabeth",female,28.0,0,0,STON/O 93215,27.38,,C
891,0,3,"Scott, Mr. William",male,,2,0,SOTON/OQ 97348,8.99,,S
892,0,3,"Hall, Dr. Thomas",male,27.1,0,0,SOTON/OQ 84614,16.06,,S
893,1,3,"Green, Mrs. Florence",female,25.3,5,0,A/5 64925,17.12,,C
894,1,2,"Anderson, Master. Thomas",male,,1,0,SOTON/OQ 35302,18.38,,S
895,0,3,"Taylor, Mr. William",male,33.4,1,0,SC/PARIS 26141,8.41,,S
896,1,1,"King, Dr. Emma",female,0.4,2,0,C.A. 59858,70.39,,C
897,1,2,"Adams, Rev. Thomas",male,,1,1,A/5 35119,29.86,,S
898,0,3,"Scott, Dr. James",male,,0,0,PC 16883,8.5,,S
899,1,1,"Scott, Mr. Thomas",male,55.8,2,0,STON/O 77150,90.22,F130,S
900,1,1,"Adams, Mrs. Margaret",female,23.4,0,0,STON/O 83311,80.76,,S
901,0,1,"Allen, Dr. John",male,45.7,0,0,STON/O 9599,68.8,C34,S
902,0,1,"Walker, Mr. Edward",male,,0,0,PC 80983,67.26,,C
903,1,1,"Baker, Dr. Emma",female,54.4,0,2,SC/PARIS 12328,58.49,,S
904,1,3,"Green, Dr. Henry",male,31.6,3,1,SOTON/OQ 18145,18.92,,S
905,1,2,"Baker, Mrs. Mary",female,,0,0,PC 68600,25.44,,S
906,0,3,"King, Rev. Thomas",male,16.2,1,1,SC/PARIS 33280,13.64,,S
907,0,3,"Clark, Dr. Anna",female,20.8,0,0,A/5 27268,11.54,,Q
908,0,2,"Anderson, Rev. Charles",male,6.0,0,0,SC/PARIS 67969,17.6,,S
909,0,2,"Clark, Mr. Arthur",male,,0,1,PC 79764,18.03,,S
910,0,2,"Walker, Mr. George",male,23.5,2,0,A/5 50486,17.66,,S
911,0,3,"King, Mr. Edward",male,14.6,0,0,W./C. 47509,12.16,,S
912,1,2,"King, Miss. Margaret",female,,0,0,SC/PARIS 39263,26.92,,S
913,0,3,"Taylor, Miss. Helen",female,,5,5,W./C. 57539,21.44,,C
914,0,2,"King, Master. John",male,31.6,0,0,C.A. 4493,24.92,,Q
915,0,3,"Adams, Master. Edward",male,23.6,1,0,SOTON/OQ 84272,10.96,,S
916,1,2,"King, Miss. Helen",female,41.4,2,0,PC 64831,12.8,,S
917,1,2,"Brown, Dr. Emma",female,32.1,0,0,STON/O 11072,30.2,,C
918,0,3,"Johnson, Rev. John",male,50.1,0,0,PC 48177,5.81,,C
919,0,3,"Walker, Master. George",male,7.9,3,0,W./C. 6532,13.06,,S
920,1,1,"Green, Dr. George",male,47.6,0,0,SOTON/OQ 11077,52.65,,S
921,0,3,"Anderson, Miss. Anna",female,,1,0,W./C. 70563,13.21,,S
922,0,3,"Walker, Mr. James",male,5.3,0,0,STON/O 9380,12.32,,S
923,0,3,"Green, Dr. Charles",male,14.2,1,0,C.A. 8774,16.05,,C
924,0,3,"Hall, Rev. Henry",male,23.9,0,0,PC 82084,9.07,,S
925,1,2,"Scott, Miss. Florence",female,28.5,0,0,SOTON/OQ 67804,28.01,,S
926,0,1,"King, Mr. William",male,31.9,8,0,SOTON/OQ 24555,36.08,,C
927,0,2,"Taylor, Dr. Charles",male,36.7,0,1,C.A. 85842,19.71,,C
928,0,3,"Hall, Dr. William",male,,1,0,W./C. 97112,6.04,,Q
929,0,3,"Hall, Miss. Alice",female,,2,0,W./C. 25287,10.96,,C
930,1,2,"Anderson, Master. Charles",male,0.4,1,0,SOTON/OQ 53174,20.01,,S
931,1,1,"Scott, Mr. George",male,41.4,1,0,W./C. 27332,73.4,C167,S
932,0,3,"Adams, Mr. James",male,9.1,3,1,STON/O 52515,16.23,,S
933,0,3,"Scott, Rev. Charles",male,17.1,0,4,C.A. 75914,6.81,,S
934,0,3,"Young, Master. John",male,18.7,0,0,W./C. 71005,12.42,,S
935,1,1,"Adams, Dr. Margaret",female,26.5,0,0,W./C. 45656,79.64,,S
936,0,2,"Allen, Dr. Alice",female,55.2,0,1,SC/PARIS 19047,14.78,,S
937,0,1,"Allen, Master. Arthur",male,24.7,0,1,A/5 77158,77.7,,C
938,1,3,"Hall, Dr. Elizabeth",female,12.6,0,0,W./C. 55809,12.84,,S
939,0,1,"Young, Master. Arthur",male,49.0,3,0,W./C. 25006,96.52,,Q
940,1,3,"Walker, Dr. George",male,46.0,0,1,W./C. 46115,10.79,,S
941,0,2,"Young, Rev. Charles",male,30.9,2,0,STON/O 48681,15.82,,S
942,0,3,"Baker, Dr. Charles",male,8.3,0,0,SC/PARIS 9077,9.11,,S
943,1,3,"Johnson, Miss. Mary",female,13.2,0,0,SC/PARIS 70541,10.42,,S
944,1,3,"Wright, Miss. Mary",female,44.8,0,1,SOTON/OQ 20155,3.0,,S
945,1,1,"Scott, Dr. Mary",female,30.1,0,1,SOTON/OQ 16862,58.85,,C
946,0,1,"Anderson, Mr. Thomas",male,,0,0,PC 96698,110.73,,S
947,0,1,"Green, Dr. George",male,,3,0,SOTON/OQ 67217,3.0,,S
948,0,3,"Clark, Dr. James",male,21.0,2,2,SC/PARIS 18997,18.29,,S
949,0,3,"Clark, Dr. Edward",male,2.1,0,0,STON/O 15062,20.85,G76,S
950,0,3,"Baker, Mr. John",male,15.2,0,0,STON/O 90679,6.44,,Q
951,1,3,"Clark, Master. George",male,20.8,1,1,C.A. 21722,9.87,,C
952,1,3,"Green, Master. William",male,21.4,2,0,W./C. 92160,15.37,,S
953,1,1,"Green, Rev. Thomas",male,29.0,1,0,C.A. 22548,73.15,,S
954,1,3,"Johnson, Mrs. Clara",female,6.2,0,0,SOTON/OQ 12893,14.73,,S
955,1,2,"King, Dr. Margaret",female,52.3,0,0,A/5 15374,3.0,,Q
956,1,2,"Wright, Dr. Alice",female,,1,0,A/5 10555,35.93,,S
957,1,3,"Walker, Dr. Anna",female,0.4,1,0,PC 85551,9.43,,C
958,0,1,"Anderson, Dr. Henry",male,26.3,0,0,A/5 49574,103.76,,C
959,1,1,"Clark, Dr. Arthur",male,31.2,0,0,A/5 56502,55.48,,S
960,0,3,"Allen, Miss. Anna",female,,0,0,C.A. 95881,15.39,,C
961,0,1,"Green, Dr. Arthur",male,52.0,3,0,W./C. 98459,140.96,,S
962,0,3,"Adams, Dr. James",male,26.2,1,0,STON/O 49450,14.75,,S
963,1,2,"Scott, Mrs. Margaret",female,,0,0,A/5 1491,26.84,,S
964,0,2,"Anderson, Master. George",male,36.0,0,1,PC 2391,16.08,,Q
965,1,2,"Taylor, Master. John",male,34.8,0,0,STON/O 47930,3.0,F80,C
966,0,2,"Hall, Rev. John",male,24.1,0,1,SC/PARIS 80351,18.07,,S
967,1,3,"Taylor, Mr. John",male,18.4,2,0,W./C. 47712,15.11,,C
968,1,2,"Taylor, Mr. John",male,38.7,1,0,C.A. 63125,23.96,,S
969,1,3,"Taylor, Rev. Edward",male,6.2,1,0,SOTON/OQ 70115,8.49,,Q
970,0,3,"Anderson, Rev. Charles",male,15.3,1,0,PC 70907,18.3,,S
971,0,3,"Green, Dr. John",male,20.9,0,0,W./C. 5332,3.0,,S
972,1,3,"Hall, Dr. Mary",female,18.9,1,1,SOTON/OQ 16364,12.34,,S
973,0,3,"Taylor, Rev. James",male,,1,0,SOTON/OQ 15851,12.98,,C
974,1,1,"Taylor, Dr. William",male,19.2,1,1,SC/PARIS 84922,138.74,,C
975,1,1,"Wright, Master. Edward",male,47.7,1,3,SC/PARIS 79051,3.0,,S
976,1,2,"Wright, Dr. Emma",female,21.7,1,0,STON/O 68824,16.54,,S
977,0,3,"Clark, Dr. Thomas",male,80.0,2,1,A/5 16134,18.71,,C
978,0,1,"Wright, Rev. Arthur",male,,0,1,W./C. 84777,96.01,,S
979,1,3,"Smith, Mrs. Alice",female,,0,0,A/5 49694,9.79,,S
980,1,3,"Adams, Mrs. Mary",female,19.5,0,0,PC 1360,8.72,,Q
981,1,2,"Taylor, Mr. William",male,35.5,0,2,STON/O 52944,24.18,,S
982,1,3,"Allen, Miss. Margaret",female,2.1,0,0,STON/O 34120,13.74,,S
983,1,1,"Taylor, Mr. Edward",male,51.1,0,0,SC/PARIS 43359,71.63,,S
984,0,1,"Allen, Mr. James",male,60.0,1,0,STON/O 69563,44.92,,C
985,0,3,"Taylor, Rev. Henry",male,37.2,1,4,A/5 90863,9.3,,S
986,0,3,"Anderson, Mr. John",male,17.1,0,0,W./C. 22685,7.39,,Q
987,1,3,"King, Miss. Elizabeth",female,50.8,1,0,C.A. 16944,5.99,,S
988,0,2,"King, Mr. Charles",male,,0,0,SC/PARIS 85033,16.25,,S
989,1,2,"Taylor, Master. Henry",male,17.3,0,0,C.A. 94150,40.42,,S
990,0,3,"Hall, Miss. Clara",female,9.0,0,0,SC/PARIS 67714,3.0,,C
991,1,3,"Adams, Dr. Clara",female,,4,0,SC/PARIS 37338,7.79,,S
992,0,3,"Taylor, Master. Thomas",male,33.0,0,0,PC 58710,6.18,,C
993,0,2,"Taylor, Master. John",male,21.5,0,0,C.A. 56744,18.96,,S
994,0,3,"Clark, Rev. Edward",male,21.4,0,0,SOTON/OQ 67281,10.72,,S
995,1,2,"Smith, Miss. Clara",female,14.0,2,0,SC/PARIS 18977,43.72,,S
996,1,1,"Adams, Miss. Elizabeth",female,27.7,0,1,A/5 20796,22.75,D131,C
997,0,3,"Brown, Mrs. Florence",female,37.0,1,0,STON/O 43252,6.54,,S
998,1,1,"Walker, Mr. Henry",male,32.0,0,0,W./C. 99882,52.17,,S
999,0,3,"Green, Mr. Henry",male,42.2,3,0,W./C. 69554,3.0,,S
1000,0,2,"King, Rev. George",male,,2,0,W./C. 72760,30.74,,C
